date,song,artist,rank,weekly_videos,image_url
2022-02-13,Ginseng Strip 2002,Yung Lean,1,646K,https://tokchart.com/img/6997999797663714054/600
2022-02-13,Ela J√° T√° Louca,Nico Mejia ‚òÜ,2,394K,https://tokchart.com/img/7055778830786890501/600
2022-02-13,Paro Paro G,djsandyremix,3,360K,https://tokchart.com/img/7055495406725106458/600
2022-02-13,Ela J√° T√° Louca,Anderson Neiff & John Johnis,4,340K,https://tokchart.com/img/7057270407434406661/600
2022-02-13,,,5,209K,https://tokchart.com/img/7012690693009312517/600
2022-02-13,Forever,Labrinth,6,202K,https://tokchart.com/img/6740248251825391617/600
2022-02-13,Neon Guts,.speeeditup,7,173K,https://tokchart.com/img/7056103803900250926/600
2022-02-13,Without me by Eminem,üëõ,8,165K,https://tokchart.com/img/7051732376891689730/600
2022-02-13,dc gaby e juu,Gaby Lopes,9,146K,https://tokchart.com/img/7045718128701721349/600
2022-02-13,Monkeys Spinning Monkeys,Kevin MacLeod & Kevin The Monkey,10,129K,https://tokchart.com/img/6746993352891189249/600
2022-02-20,Ginseng Strip 2002,Yung Lean,1,1M,https://tokchart.com/img/6997999797663714054/600
2022-02-20,Ela J√° T√° Louca,Nico Mejia ‚òÜ,2,642K,https://tokchart.com/img/7055778830786890501/600
2022-02-20,Paro Paro G,djsandyremix,3,608K,https://tokchart.com/img/7055495406725106458/600
2022-02-20,Ela J√° T√° Louca,Anderson Neiff & John Johnis,4,554K,https://tokchart.com/img/7057270407434406661/600
2022-02-20,Forever,Labrinth,5,546K,https://tokchart.com/img/6740248251825391617/600
2022-02-20,Cornfield Chase,Dorian Marko,6,455K,https://tokchart.com/img/7019714357059881733/600
2022-02-20,Material Girl,Madonna,7,445K,https://tokchart.com/img/96169040/600
2022-02-20,middle of the night,EX7STENCE‚Ñ¢,8,431K,https://tokchart.com/img/7060598220120034053/600
2022-02-20,dc gaby e juu,Gaby Lopes,9,420K,https://tokchart.com/img/7045718128701721349/600
2022-02-20,,,10,381K,https://tokchart.com/img/7012690693009312517/600
2022-02-27,Love You So,The King Khan & BBQ Show,1,715K,https://tokchart.com/img/6728562975734515713/600
2022-02-27,Una Noche en Medell√≠n,Cris Mj,2,674K,https://tokchart.com/img/7055311619697756933/600
2022-02-27,Forever,Labrinth,3,600K,https://tokchart.com/img/6740248251825391617/600
2022-02-27,love game gimme more,edits,4,497K,https://tokchart.com/img/6963868042556230405/600
2022-02-27,Paro Paro G,djsandyremix,5,448K,https://tokchart.com/img/7055495406725106458/600
2022-02-27,Ginseng Strip 2002,Yung Lean,6,442K,https://tokchart.com/img/6997999797663714054/600
2022-02-27,Big And Chunky,Juanito T,7,407K,https://tokchart.com/img/7063068224027380485/600
2022-02-27,Material Girl,Madonna,8,377K,https://tokchart.com/img/96169040/600
2022-02-27,Falling In Love (Substance by Greedo),‚†Ä,9,341K,https://tokchart.com/img/7057259100396112645/600
2022-02-27,La Siene,—Å—É—Ö–∞—Ä—å,10,331K,https://tokchart.com/img/7063911395397569281/600
2022-03-06,Love You So,The King Khan & BBQ Show,1,853K,https://tokchart.com/img/6728562975734515713/600
2022-03-06,DARARI,Ô∏é ondu,2,686K,https://tokchart.com/img/7065014354940349210/600
2022-03-06,DJ Maafkan Soibah Ku X Akon Right Now Menimisu Mas,Ucil Fvnky,3,607K,https://tokchart.com/img/7064152964058942235/600
2022-03-06,Una Noche en Medell√≠n,Cris Mj,4,593K,https://tokchart.com/img/7055311619697756933/600
2022-03-06,Forever,Labrinth,5,529K,https://tokchart.com/img/6740248251825391617/600
2022-03-06,Touch X Dougie Remix Challenge,Joshua Mijares,6,428K,https://tokchart.com/img/6941986827163142913/600
2022-03-06,Gatal,Janna Nick,7,405K,https://tokchart.com/img/7057067346099177473/600
2022-03-06,Ting Ting Ting,ùïΩùñéùñÜùñì..ùìê,8,388K,https://tokchart.com/img/7058428041680177946/600
2022-03-06,Diwata,elli,9,376K,https://tokchart.com/img/7063380779400809242/600
2022-03-06,Big And Chunky,Juanito T,10,368K,https://tokchart.com/img/7063068224027380485/600
2022-03-13,Ting Ting Ting,ùïΩùñéùñÜùñì..ùìê,1,1M,https://tokchart.com/img/7058428041680177946/600
2022-03-13,Love You So,The King Khan & BBQ Show,2,1M,https://tokchart.com/img/6728562975734515713/600
2022-03-13,Una Noche en Medell√≠n,Cris Mj,3,525K,https://tokchart.com/img/7055311619697756933/600
2022-03-13,Forever,Labrinth,4,460K,https://tokchart.com/img/6740248251825391617/600
2022-03-13,im famous now lowkey,a,5,415K,https://tokchart.com/img/7060982222094633774/600
2022-03-13,saddddd,A‚Ä¢L‚Ä¢‚Ç¨‚Ä¢X üíã,6,319K,https://tokchart.com/img/7041476153470651142/600
2022-03-13,Dalamo Dalamo,DJ Opus,7,314K,https://tokchart.com/img/7059221563095730177/600
2022-03-13,original sound - davolaf,Davolaf,8,293K,https://tokchart.com/img/7028284230153112325/600
2022-03-13,Touch X Dougie Remix Challenge,Joshua Mijares,9,285K,https://tokchart.com/img/6941986827163142913/600
2022-03-13,"Bol Kaffara Kya Hoga - Neha Kakkar, DJ Chetas",DJ Chetas & Neha Kakkar & Farhan Sabri,10,271K,https://tokchart.com/img/7011145446525503490/600
2022-03-20,original sound - davolaf,Davolaf,1,1M,https://tokchart.com/img/7028284230153112325/600
2022-03-20,Love You So,The King Khan & BBQ Show,2,1M,https://tokchart.com/img/6728562975734515713/600
2022-03-20,Ting Ting Ting,ùïΩùñéùñÜùñì..ùìê,3,804K,https://tokchart.com/img/7058428041680177946/600
2022-03-20,Una Noche en Medell√≠n,Cris Mj,4,479K,https://tokchart.com/img/7055311619697756933/600
2022-03-20,Forever,Labrinth,5,413K,https://tokchart.com/img/6740248251825391617/600
2022-03-20,Can't Get You out of My Head (La La La Remix),System Society,6,399K,https://tokchart.com/img/6894311865766135809/600
2022-03-20,,,7,386K,https://tokchart.com/img/7060939676932410158/600
2022-03-20,Zou Bisou Bisou,Gillian Hills,8,360K,https://tokchart.com/img/6859153853636413441/600
2022-03-20,Love Yourself (Drill Remix),vita,9,347K,https://tokchart.com/img/7064884950239070977/600
2022-03-20,DARARI,Ô∏é ondu,10,346K,https://tokchart.com/img/7065014354940349210/600
2022-03-27,Love You So,The King Khan & BBQ Show,1,1M,https://tokchart.com/img/6728562975734515713/600
2022-03-27,,,2,1M,https://tokchart.com/img/6944559499671816961/600
2022-03-27,original sound - davolaf,Davolaf,3,964K,https://tokchart.com/img/7028284230153112325/600
2022-03-27,Just a Cloud Away,Pharrell Williams,4,610K,https://tokchart.com/img/6795407744489752577/600
2022-03-27,Envolver,Anitta,5,450K,https://tokchart.com/img/7028498814554130433/600
2022-03-27,Old Town Road,mazur4ik,6,429K,https://tokchart.com/img/7069398030901988101/600
2022-03-27,Prende la C√°mara RMX,FMK & Tiago PZK & Mau y Ricky,7,389K,https://tokchart.com/img/7068767793553935110/600
2022-03-27,Ting Ting Ting,ùïΩùñéùñÜùñì..ùìê,8,370K,https://tokchart.com/img/7058428041680177946/600
2022-03-27,Una Noche en Medell√≠n,Cris Mj,9,359K,https://tokchart.com/img/7055311619697756933/600
2022-03-27,DARARI,Ô∏é ondu,10,334K,https://tokchart.com/img/7065014354940349210/600
2022-04-03,,,1,1M,https://tokchart.com/img/6944559499671816961/600
2022-04-03,Love You So,The King Khan & BBQ Show,2,1M,https://tokchart.com/img/6728562975734515713/600
2022-04-03,Just a Cloud Away,Pharrell Williams,3,892K,https://tokchart.com/img/6795407744489752577/600
2022-04-03,My Name Is,D Billions,4,473K,https://tokchart.com/img/6896221138586699778/600
2022-04-03,Fuera del mercado,Danny Ocean,5,381K,https://tokchart.com/img/7075891693362711301/600
2022-04-03,Envolver,Anitta,6,372K,https://tokchart.com/img/7028498814554130433/600
2022-04-03,Sunroof,Nicky Youre & dazy,7,364K,https://tokchart.com/img/7030869625311086594/600
2022-04-03,Love Yourself (Drill Remix),vita,8,304K,https://tokchart.com/img/7064884950239070977/600
2022-04-03,Una Noche en Medell√≠n,Cris Mj,9,301K,https://tokchart.com/img/7055311619697756933/600
2022-04-03,u can hold my hand,judi,10,300K,https://tokchart.com/img/6980344033805617926/600
2022-04-10,Love You So,The King Khan & BBQ Show,1,1M,https://tokchart.com/img/6728562975734515713/600
2022-04-10,Just a Cloud Away,Pharrell Williams,2,723K,https://tokchart.com/img/6795407744489752577/600
2022-04-10,,,3,675K,https://tokchart.com/img/6944559499671816961/600
2022-04-10,Fuera del mercado,Danny Ocean,4,620K,https://tokchart.com/img/7075891693362711301/600
2022-04-10,My Name Is,D Billions,5,523K,https://tokchart.com/img/6896221138586699778/600
2022-04-10,they trunna be subway surf,ADX‚õ©Ô∏è|autobunnyhop,6,520K,https://tokchart.com/img/7070211881109179138/600
2022-04-10,"Feels (feat. Pharrell Williams, Katy Perry & Big Sean)",Calvin Harris,7,497K,https://tokchart.com/img/7061525143448849179/600
2022-04-10,Boom Cha La Ka Dance,LEA,8,452K,https://tokchart.com/img/7056185881278826498/600
2022-04-10,Sunroof,Nicky Youre & dazy,9,365K,https://tokchart.com/img/7030869625311086594/600
2022-04-10,original sound - yuh.itz.brody,Hello I‚Äôm Brodyüòã,10,277K,https://tokchart.com/img/6994862961667967749/600
2022-04-17,Love You So,The King Khan & BBQ Show,1,1M,https://tokchart.com/img/6728562975734515713/600
2022-04-17,BOMB√ìN,Daddy Yankee & El Alfa & Lil Jon,2,594K,https://tokchart.com/img/7079496674678213381/600
2022-04-17,As It Was,Harry Styles,3,501K,https://tokchart.com/img/7081404214387148802/600
2022-04-17,Fuera del mercado,Danny Ocean,4,491K,https://tokchart.com/img/7075891693362711301/600
2022-04-17,My Name Is,D Billions,5,437K,https://tokchart.com/img/6896221138586699778/600
2022-04-17,,,6,412K,https://tokchart.com/img/6944559499671816961/600
2022-04-17,Sunroof,Nicky Youre & dazy,7,377K,https://tokchart.com/img/7030869625311086594/600
2022-04-17,"Feels (feat. Pharrell Williams, Katy Perry & Big Sean)",Calvin Harris,8,333K,https://tokchart.com/img/7061525143448849179/600
2022-04-17,Th·∫±ng H·∫ßu (Th√°i Ho√†ng Remix) [Short Version],Dunghoangpham,9,317K,https://tokchart.com/img/7078552239287159579/600
2022-04-17,Get Low,Dillon Francis & DJ Snake,10,281K,https://tokchart.com/img/6421452767147232002/600
2022-04-24,Love You So,The King Khan & BBQ Show,1,1M,https://tokchart.com/img/6728562975734515713/600
2022-04-24,Sunroof,Nicky Youre & dazy,2,451K,https://tokchart.com/img/7030869625311086594/600
2022-04-24,BOMB√ìN,Daddy Yankee & El Alfa & Lil Jon,3,430K,https://tokchart.com/img/7079496674678213381/600
2022-04-24,Love Maybe Secret Number,NiKO,4,384K,https://tokchart.com/img/7074886470057675547/600
2022-04-24,Fuera del mercado,Danny Ocean,5,365K,https://tokchart.com/img/7075891693362711301/600
2022-04-24,As It Was,Harry Styles,6,340K,https://tokchart.com/img/7081404214387148802/600
2022-04-24,Bobo,Calimpitan Twins,7,300K,https://tokchart.com/img/6980208473510251290/600
2022-04-24,My Name Is,D Billions,8,297K,https://tokchart.com/img/6896221138586699778/600
2022-04-24,,,9,290K,https://tokchart.com/img/6944559499671816961/600
2022-04-24,Get Low,Dillon Francis & DJ Snake,10,277K,https://tokchart.com/img/6421452767147232002/600
2022-05-08,Wait A Minute! (Duckhead Edit),Duckhead Dj Kasur,1,1M,https://tokchart.com/img/7082370286401702683/600
2022-05-08,Love You So,The King Khan & BBQ Show,2,836K,https://tokchart.com/img/6728562975734515713/600
2022-05-08,ZOOM,Jessi,3,613K,https://tokchart.com/img/7084201528721950722/600
2022-05-08,TAKBIRAN,Keluarga Nahla,4,424K,https://tokchart.com/img/6908796980122617857/600
2022-05-08,See T√¨nh - Ho√†ng Thu·ª≥ Linh (Sped Up Version),gjnk,5,378K,https://tokchart.com/img/7073776380529412891/600
2022-05-08,Sunroof,Nicky Youre & dazy,6,346K,https://tokchart.com/img/7030869625311086594/600
2022-05-08,original sound - mdsharia80,MD:Sharia80,7,333K,https://tokchart.com/img/6959192420412033794/600
2022-05-08,East Side Flow,Sidhu Moose Wala,8,303K,https://tokchart.com/img/6709398585370216450/600
2022-05-08,,,9,273K,https://tokchart.com/img/6944559499671816961/600
2022-05-08,Party Coy,ORANG BANJAR,10,263K,https://tokchart.com/img/6829376311581084418/600
2022-05-15,Love You So,The King Khan & BBQ Show,1,1M,https://tokchart.com/img/6728562975734515713/600
2022-05-15,Wait A Minute! (Duckhead Edit),Duckhead Dj Kasur,2,983K,https://tokchart.com/img/7082370286401702683/600
2022-05-15,Jiggle Jiggle,Duke & Jones & Louis Theroux,3,758K,https://tokchart.com/img/7075729123557100294/600
2022-05-15,About Damn Time,Lizzo,4,585K,https://tokchart.com/img/7086201843973621762/600
2022-05-15,ZOOM,Jessi,5,561K,https://tokchart.com/img/7084201528721950722/600
2022-05-15,See T√¨nh - Ho√†ng Thu·ª≥ Linh (Sped Up Version),gjnk,6,350K,https://tokchart.com/img/7073776380529412891/600
2022-05-15,MOONDO BY KASH KOO,‚ÑìœÉ—è—î‚ÑìŒ±ŒπŒ∑Õ¢Õ¢Õ¢—î üíô,7,329K,https://tokchart.com/img/6838249382299585282/600
2022-05-15,About Damn Time,Lizzo,8,243K,https://tokchart.com/img/7089828122854197249/600
2022-05-15,PROVENZA,KAROL G,9,232K,https://tokchart.com/img/7089940822535277318/600
2022-05-15,rainbow,Gatton,10,213K,https://tokchart.com/img/6925656726998009857/600
2022-05-22,Love You So,The King Khan & BBQ Show,1,1M,https://tokchart.com/img/6728562975734515713/600
2022-05-22,Jiggle Jiggle,Duke & Jones & Louis Theroux,2,773K,https://tokchart.com/img/7075729123557100294/600
2022-05-22,ZOOM,Jessi,3,458K,https://tokchart.com/img/7084201528721950722/600
2022-05-22,Wait A Minute! (Duckhead Edit),Duckhead Dj Kasur,4,430K,https://tokchart.com/img/7082370286401702683/600
2022-05-22,Cyberpunk,Max Brhon,5,378K,https://tokchart.com/img/6761043041311541250/600
2022-05-22,MOONDO BY KASH KOO,‚ÑìœÉ—è—î‚ÑìŒ±ŒπŒ∑Õ¢Õ¢Õ¢—î üíô,6,377K,https://tokchart.com/img/6838249382299585282/600
2022-05-22,Sin Pijama,Becky G & NATTI NATASHA,7,333K,https://tokchart.com/img/6812122639365049090/600
2022-05-22,Gogo Dance,El Alfa & Chael Produciendo,8,319K,https://tokchart.com/img/7087744357444471557/600
2022-05-22,About Damn Time,Lizzo,9,303K,https://tokchart.com/img/7086201843973621762/600
2022-05-22,Buga (Lo Lo Lo),Kizz Daniel,10,301K,https://tokchart.com/img/7093949567481285381/600
2022-05-29,Jiggle Jiggle,Duke & Jones & Louis Theroux,1,949K,https://tokchart.com/img/7075729123557100294/600
2022-05-29,Love You So,The King Khan & BBQ Show,2,904K,https://tokchart.com/img/6728562975734515713/600
2022-05-29,Buga (Lo Lo Lo),Kizz Daniel,3,525K,https://tokchart.com/img/7093949567481285381/600
2022-05-29,Sin Pijama,Becky G & NATTI NATASHA,4,450K,https://tokchart.com/img/6812122639365049090/600
2022-05-29,Gogo Dance,El Alfa & Chael Produciendo,5,394K,https://tokchart.com/img/7087744357444471557/600
2022-05-29,ZOOM,Jessi,6,357K,https://tokchart.com/img/7084201528721950722/600
2022-05-29,Treasure (Sped Up Version),Phoebe,7,348K,https://tokchart.com/img/7053203603615746822/600
2022-05-29,About Damn Time,Lizzo,8,308K,https://tokchart.com/img/7089828122854197249/600
2022-05-29,Wait A Minute! (Duckhead Edit),Duckhead Dj Kasur,9,260K,https://tokchart.com/img/7082370286401702683/600
2022-05-29,Sway (Sped Up Version),Michael Bubl√©,10,254K,https://tokchart.com/img/7038982678271544069/600
2022-06-05,Love You So,The King Khan & BBQ Show,1,923K,https://tokchart.com/img/6728562975734515713/600
2022-06-05,Jiggle Jiggle,Duke & Jones & Louis Theroux,2,898K,https://tokchart.com/img/7075729123557100294/600
2022-06-05,Running Up That Hill (A Deal With God),Kate Bush,3,454K,https://tokchart.com/img/235918692176371712/600
2022-06-05,Buga (Lo Lo Lo),Kizz Daniel,4,341K,https://tokchart.com/img/7093949567481285381/600
2022-06-05,About Damn Time,Lizzo,5,321K,https://tokchart.com/img/7089828122854197249/600
2022-06-05,ZOOM,Jessi,6,296K,https://tokchart.com/img/7084201528721950722/600
2022-06-05,Somebody That I Used to Know (Remix),speedüÜó,7,289K,https://tokchart.com/img/7076819615875173121/600
2022-06-05,Me Porto Bonito,Bad Bunny & Chencho Corleone,8,264K,https://tokchart.com/img/7094499898527058694/600
2022-06-05,I Love You by Young Slo Be, ö‚ù§Ô∏é…ûNanami's Wife ö‚ù§Ô∏é…û,9,248K,https://tokchart.com/img/7053264878286621487/600
2022-06-05,Me Porto Bonito,Bad Bunny & Chencho Corleone,10,229K,https://tokchart.com/img/7095407294631987973/600
2022-06-12,Love You So,The King Khan & BBQ Show,1,865K,https://tokchart.com/img/6728562975734515713/600
2022-06-12,Jiggle Jiggle,Duke & Jones & Louis Theroux,2,762K,https://tokchart.com/img/7075729123557100294/600
2022-06-12,Running Up That Hill (A Deal With God),Kate Bush,3,473K,https://tokchart.com/img/235918692176371712/600
2022-06-12,About Damn Time,Lizzo,4,297K,https://tokchart.com/img/7089828122854197249/600
2022-06-12,Efecto,Bad Bunny,5,278K,https://tokchart.com/img/7100329813914831621/600
2022-06-12,ZOOM,Jessi,6,259K,https://tokchart.com/img/7084201528721950722/600
2022-06-12,Funny Song,Funny Song Studio & Sounds Reel,7,248K,https://tokchart.com/img/6732536571318257666/600
2022-06-12,–î–∏–∫–∞—è –ª—å–≤–∏—Ü–∞,ALEX&RUS,8,224K,https://tokchart.com/img/6707774381675808769/600
2022-06-12,MEAN!,Madeline The Person,9,217K,https://tokchart.com/img/7057733536920619823/600
2022-06-12,Good Boy Remix,ùïéùïöùïü ‚Ñ§ùïíùï® ùî∏ùï¶ùïüùïò üá≤üá≤,10,186K,https://tokchart.com/img/7043255297213090586/600
2022-06-19,Love You So,The King Khan & BBQ Show,1,943K,https://tokchart.com/img/6728562975734515713/600
2022-06-19,Jiggle Jiggle,Duke & Jones & Louis Theroux,2,496K,https://tokchart.com/img/7075729123557100294/600
2022-06-19,Running Up That Hill (A Deal With God),Kate Bush,3,408K,https://tokchart.com/img/235918692176371712/600
2022-06-19,Efecto,Bad Bunny,4,278K,https://tokchart.com/img/7100329813914831621/600
2022-06-19,Funny Song,Funny Song Studio & Sounds Reel,5,230K,https://tokchart.com/img/6732536571318257666/600
2022-06-19,ZOOM,Jessi,6,229K,https://tokchart.com/img/7084201528721950722/600
2022-06-19,Aesthetic,Tollan Kim,7,205K,https://tokchart.com/img/7072513628145977346/600
2022-06-19,–î–∏–∫–∞—è –ª—å–≤–∏—Ü–∞,ALEX&RUS,8,188K,https://tokchart.com/img/6707774381675808769/600
2022-06-19,Shut up and dance with me,booteler,9,182K,https://tokchart.com/img/7093312811438377774/600
2022-06-19,Ma Boy,(J)‚ìÇÔ∏è‚Äôs,10,172K,https://tokchart.com/img/6848553007185988354/600
2022-06-26,Love You So,The King Khan & BBQ Show,1,770K,https://tokchart.com/img/6728562975734515713/600
2022-06-26,"1, 2, 3 (feat. Jason Derulo & De La Ghetto) [Sped Up Version]",Sofia Reyes,2,677K,https://tokchart.com/img/7093791030025243394/600
2022-06-26,Ma Boy,(J)‚ìÇÔ∏è‚Äôs,3,417K,https://tokchart.com/img/6848553007185988354/600
2022-06-26,Running Up That Hill (A Deal With God),Kate Bush,4,374K,https://tokchart.com/img/235918692176371712/600
2022-06-26,Jiggle Jiggle,Duke & Jones & Louis Theroux,5,369K,https://tokchart.com/img/7075729123557100294/600
2022-06-26,Glimpse of Us,Joji,6,289K,https://tokchart.com/img/7106918814847076353/600
2022-06-26,Aesthetic,Tollan Kim,7,284K,https://tokchart.com/img/7072513628145977346/600
2022-06-26,Woah (feat. D3Mstreet),KRYPTO9095,8,245K,https://tokchart.com/img/6691366574592396038/600
2022-06-26,Jadon Tusi Hass de Ho_3,Shehnaz Akhtar (Akhtar Brothers ),9,228K,https://tokchart.com/img/6823137965598869506/600
2022-06-26,Funny Song,Funny Song Studio & Sounds Reel,10,223K,https://tokchart.com/img/6732536571318257666/600
2022-07-03,Cumbia Buena,Grupo La Cumbia,1,1M,https://tokchart.com/img/6802349518965704705/600
2022-07-03,"1, 2, 3 (feat. Jason Derulo & De La Ghetto) [Sped Up Version]",Sofia Reyes,2,1M,https://tokchart.com/img/7093791030025243394/600
2022-07-03,Love You So,The King Khan & BBQ Show,3,594K,https://tokchart.com/img/6728562975734515713/600
2022-07-03,Ma Boy,(J)‚ìÇÔ∏è‚Äôs,4,363K,https://tokchart.com/img/6848553007185988354/600
2022-07-03,PELUK CIUM,‡ºò‚ãÜüå∑ü´ßüí≠‚ÇäÀö‡∑Ü,5,331K,https://tokchart.com/img/6846792174881852161/600
2022-07-03,‡∏ä‡∏≠‡∏ö‡πÄ‡∏ò‡∏≠‡∏≠‡∏∞ (‡∏ó‡πà‡∏≠‡∏ô‡∏•‡∏∞‡∏•‡∏≤‡∏¢),Ptrp Studio,6,310K,https://tokchart.com/img/7088288000794200859/600
2022-07-03,Running Up That Hill (A Deal With God),Kate Bush,7,280K,https://tokchart.com/img/235918692176371712/600
2022-07-03,Aesthetic,Tollan Kim,8,261K,https://tokchart.com/img/7072513628145977346/600
2022-07-03,Jiggle Jiggle,Duke & Jones & Louis Theroux,9,232K,https://tokchart.com/img/7075729123557100294/600
2022-07-03,Andrea,Bad Bunny & Buscabulla,10,216K,https://tokchart.com/img/7096537919191747374/600
2022-07-10,Cumbia Buena,Grupo La Cumbia,1,626K,https://tokchart.com/img/6802349518965704705/600
2022-07-10,"1, 2, 3 (feat. Jason Derulo & De La Ghetto) [Sped Up Version]",Sofia Reyes,2,379K,https://tokchart.com/img/7093791030025243394/600
2022-07-10,Love You So,The King Khan & BBQ Show,3,358K,https://tokchart.com/img/6728562975734515713/600
2022-07-10,‡∏ä‡∏≠‡∏ö‡πÄ‡∏ò‡∏≠‡∏≠‡∏∞ (‡∏ó‡πà‡∏≠‡∏ô‡∏•‡∏∞‡∏•‡∏≤‡∏¢),Ptrp Studio,4,341K,https://tokchart.com/img/7088288000794200859/600
2022-07-10,Aesthetic,Tollan Kim,5,203K,https://tokchart.com/img/7072513628145977346/600
2022-07-10,PELUK CIUM,‡ºò‚ãÜüå∑ü´ßüí≠‚ÇäÀö‡∑Ü,6,154K,https://tokchart.com/img/6846792174881852161/600
2022-07-10,Running Up That Hill (A Deal With God),Kate Bush,7,143K,https://tokchart.com/img/235918692176371712/600
2022-07-10,original sound - lanadoll_07,ùòì ùò¢ ùòª ùò¢ ùòØ ùò¢,8,103K,https://tokchart.com/img/6550464957396292608/600
2022-07-10,Buga (Lo Lo Lo),Kizz Daniel,9,97K,https://tokchart.com/img/7093949567481285381/600
2022-07-10,Funny Song,Funny Song Studio & Sounds Reel,10,96K,https://tokchart.com/img/6732536571318257666/600
2022-08-07,L$d,Luclover,1,934K,https://tokchart.com/img/7085791307943954433/600
2022-08-07,Carrying Your Love,David Morris,2,673K,https://tokchart.com/img/7099193160047265793/600
2022-08-07,Left And Right (Speed Up),jjqrks,3,602K,https://tokchart.com/img/7113182296387570434/600
2022-08-07,Love You So,The King Khan & BBQ Show,4,288K,https://tokchart.com/img/6728562975734515713/600
2022-08-07,Na Rebolada,Os Quebradeiras & DJ Zullu & Machadez & Mousik & Thamirys,5,270K,https://tokchart.com/img/7120706545079487237/600
2022-08-07,Rich Minion,Yeat,6,245K,https://tokchart.com/img/7109284473828591617/600
2022-08-07,Beat Automotivo Tan Tan Tan Viral,WZ Beat,7,210K,https://tokchart.com/img/7098939394085702406/600
2022-08-07,Funny Song,Funny Song Studio & Sounds Reel,8,185K,https://tokchart.com/img/6732536571318257666/600
2022-08-07,ÊØí„Åç„ÅÆ„Åì„ÅÆÊõ≤ feat.„ÇÜ„Å•„Å£„Åì,0am,9,168K,https://tokchart.com/img/7047445550383893249/600
2022-08-07,So High,Delus & Konshens & Irievibrations,10,166K,https://tokchart.com/img/6710456941459539970/600
2022-08-14,L$d,Luclover,1,759K,https://tokchart.com/img/7085791307943954433/600
2022-08-14,Carrying Your Love,David Morris,2,502K,https://tokchart.com/img/7099193160047265793/600
2022-08-14,Left And Right (Speed Up),jjqrks,3,466K,https://tokchart.com/img/7113182296387570434/600
2022-08-14,Love You So,The King Khan & BBQ Show,4,339K,https://tokchart.com/img/6728562975734515713/600
2022-08-14,Pakistan Zindabad,Aayat Arif,5,335K,https://tokchart.com/img/6859414149277976578/600
2022-08-14,"Quevedo: Bzrp Music Sessions, Vol. 52",Bizarrap & Quevedo,6,263K,https://tokchart.com/img/7116937238335719425/600
2022-08-14,Na Rebolada,Os Quebradeiras & DJ Zullu & Machadez & Mousik & Thamirys,7,244K,https://tokchart.com/img/7120706545079487237/600
2022-08-14,DESPECH√Å,ROSAL√çA,8,243K,https://tokchart.com/img/7119554621501688582/600
2022-08-14,Funny Song,Funny Song Studio & Sounds Reel,9,198K,https://tokchart.com/img/6732536571318257666/600
2022-08-14,Paro - Speed Up,Nej,10,183K,https://tokchart.com/img/7106914366477323014/600
2022-08-21,Pakistan Zindabad,Aayat Arif,1,443K,https://tokchart.com/img/6859414149277976578/600
2022-08-21,Love You So,The King Khan & BBQ Show,2,347K,https://tokchart.com/img/6728562975734515713/600
2022-08-21,Left And Right (Speed Up),jjqrks,3,316K,https://tokchart.com/img/7113182296387570434/600
2022-08-21,DESPECH√Å,ROSAL√çA,4,248K,https://tokchart.com/img/7119554621501688582/600
2022-08-21,Funny Song,Funny Song Studio & Sounds Reel,5,215K,https://tokchart.com/img/6732536571318257666/600
2022-08-21,Carrying Your Love,David Morris,6,210K,https://tokchart.com/img/7099193160047265793/600
2022-08-21,original sound - samimalik5,üí´Sami malik üî•,7,201K,https://tokchart.com/img/6858897821102361346/600
2022-08-21,V16,martinwhite & Erreflexx,8,199K,https://tokchart.com/img/7123748042100116229/600
2022-08-21,Paro - Speed Up,Nej,9,194K,https://tokchart.com/img/7106914366477323014/600
2022-08-21,Na Rebolada,Os Quebradeiras & DJ Zullu & Machadez & Mousik & Thamirys,10,163K,https://tokchart.com/img/7120706545079487237/600
2022-08-28,Beach Waves Sounds,Ocean Sounds & Sea Waves Sounds & Ocean Waves,1,632K,https://tokchart.com/img/6979129052535883777/600
2022-08-28,Love You So,The King Khan & BBQ Show,2,359K,https://tokchart.com/img/6728562975734515713/600
2022-08-28,AMAZING,Phoebe,3,289K,https://tokchart.com/img/7067274755530951429/600
2022-08-28,V16,martinwhite & Erreflexx,4,236K,https://tokchart.com/img/7123748042100116229/600
2022-08-28,Funny Song,Funny Song Studio & Sounds Reel,5,202K,https://tokchart.com/img/6732536571318257666/600
2022-08-28,Pink Venom,BLACKPINK,6,199K,https://tokchart.com/img/7133363603926681601/600
2022-08-28,Aesthetic,Tollan Kim,7,164K,https://tokchart.com/img/7072513628145977346/600
2022-08-28,BILLIE EILISH.,Armani White,8,161K,https://tokchart.com/img/7096439256658233345/600
2022-08-28,DESPECH√Å,ROSAL√çA,9,151K,https://tokchart.com/img/7119554621501688582/600
2022-08-28,LOKERA,Rauw Alejandro & Lyanno & Brray,10,147K,https://tokchart.com/img/7128072000685804294/600
2022-09-04,Beach Waves Sounds,Ocean Sounds & Sea Waves Sounds & Ocean Waves,1,6M,https://tokchart.com/img/6979129052535883777/600
2022-09-04,Ocean Waves Beach Coast Environmental Sounds of Seagulls 21,Rapid Fire,2,545K,https://tokchart.com/img/6817657428306298882/600
2022-09-04,AMAZING,Phoebe,3,449K,https://tokchart.com/img/7067274755530951429/600
2022-09-04,Pink Venom,BLACKPINK,4,335K,https://tokchart.com/img/7133363603926681601/600
2022-09-04,Aesthetic,Tollan Kim,5,271K,https://tokchart.com/img/7072513628145977346/600
2022-09-04,super freaky girl x luxurious,xxtristanxo,6,254K,https://tokchart.com/img/7134869378033552171/600
2022-09-04,STFU,Digga D,7,251K,https://tokchart.com/img/7116886860109973505/600
2022-09-04,Love You So,The King Khan & BBQ Show,8,237K,https://tokchart.com/img/6728562975734515713/600
2022-09-04,BILLIE EILISH.,Armani White,9,225K,https://tokchart.com/img/7096439256658233345/600
2022-09-04,Alaska,Camilo & Grupo Firme,10,205K,https://tokchart.com/img/7132966739801573378/600
2022-09-11,super freaky girl x luxurious,xxtristanxo,1,859K,https://tokchart.com/img/7134869378033552171/600
2022-09-11,Ocean Waves Beach Coast Environmental Sounds of Seagulls 21,Rapid Fire,2,813K,https://tokchart.com/img/6817657428306298882/600
2022-09-11,It's Corn,Tariq & The Gregory Brothers & Recess Therapy,3,325K,https://tokchart.com/img/7133362813254388523/600
2022-09-11,Aesthetic,Tollan Kim,4,270K,https://tokchart.com/img/7072513628145977346/600
2022-09-11,AMAZING,Phoebe,5,257K,https://tokchart.com/img/7067274755530951429/600
2022-09-11,GAT√öBELA,KAROL G & Maldy,6,241K,https://tokchart.com/img/7135848174207387650/600
2022-09-11,BILLIE EILISH.,Armani White,7,237K,https://tokchart.com/img/7096439256658233345/600
2022-09-11,BIZCOCHITO,ROSAL√çA,8,230K,https://tokchart.com/img/7076281174691973122/600
2022-09-11,STFU,Digga D,9,226K,https://tokchart.com/img/7116886860109973505/600
2022-09-11,Fallen down - Slowed,„ÄåInc√∏rrect„Äç,10,200K,https://tokchart.com/img/7114777172467779585/600
2022-09-18,super freaky girl x luxurious,xxtristanxo,1,294K,https://tokchart.com/img/7134869378033552171/600
2022-09-18,Love You So,The King Khan & BBQ Show,2,218K,https://tokchart.com/img/6728562975734515713/600
2022-09-18,BIZCOCHITO,ROSAL√çA,3,218K,https://tokchart.com/img/7076281174691973122/600
2022-09-18,It's Corn,Tariq & The Gregory Brothers & Recess Therapy,4,198K,https://tokchart.com/img/7133362813254388523/600
2022-09-18,GAT√öBELA,KAROL G & Maldy,5,194K,https://tokchart.com/img/7135848174207387650/600
2022-09-18,Really Mine,Dropgun & Natan Chaim,6,178K,https://tokchart.com/img/5000000001318340979/600
2022-09-18,Aesthetic,Tollan Kim,7,158K,https://tokchart.com/img/7072513628145977346/600
2022-09-18,Lenggang Puspita,Afgan,8,156K,https://tokchart.com/img/6794747360292390913/600
2022-09-18,It's Ok (Slowed),Edith Whiskers,9,152K,https://tokchart.com/img/6735516841680046853/600
2022-09-18,Funny Song,Funny Song Studio & Sounds Reel,10,151K,https://tokchart.com/img/6732536571318257666/600
2022-09-25,Love You So,The King Khan & BBQ Show,1,253K,https://tokchart.com/img/6728562975734515713/600
2022-09-25,GAT√öBELA,KAROL G & Maldy,2,168K,https://tokchart.com/img/7135848174207387650/600
2022-09-25,Funny Song,Funny Song Studio & Sounds Reel,3,166K,https://tokchart.com/img/6732536571318257666/600
2022-09-25,BIZCOCHITO,ROSAL√çA,4,160K,https://tokchart.com/img/7076281174691973122/600
2022-09-25,"Luna, amore e no",Piero Piccioni,5,128K,https://tokchart.com/img/6829869215093114881/600
2022-09-25,–î–∏–∫–∞—è –ª—å–≤–∏—Ü–∞,ALEX&RUS,6,118K,https://tokchart.com/img/6707774381675808769/600
2022-09-25,Later Bitches,The Prince Karma,7,116K,https://tokchart.com/img/6717484436721518593/600
2022-09-25,Calm Down,Rema & Selena Gomez,8,114K,https://tokchart.com/img/7133394674944837634/600
2022-09-25,STFU,Digga D,9,110K,https://tokchart.com/img/7116886860109973505/600
2022-09-25,Mi tesoro (feat. Nicky Jam),Zion & Lennox,10,107K,https://tokchart.com/img/224823283911897089/600
2022-10-02,Love You So,The King Khan & BBQ Show,1,257K,https://tokchart.com/img/6728562975734515713/600
2022-10-02,Bandook,Nirvair Pannu,2,238K,https://tokchart.com/img/6831600800679069698/600
2022-10-02,original sound - zabi_official_5,‰∏∂‰πô√ÖBi„ÄÜ,3,167K,https://tokchart.com/img/6674813094268652294/600
2022-10-02,GAT√öBELA,KAROL G & Maldy,4,160K,https://tokchart.com/img/7135848174207387650/600
2022-10-02,Funny Song,Funny Song Studio & Sounds Reel,5,142K,https://tokchart.com/img/6732536571318257666/600
2022-10-02,BIZCOCHITO,ROSAL√çA,6,118K,https://tokchart.com/img/7076281174691973122/600
2022-10-02,–î–∏–∫–∞—è –ª—å–≤–∏—Ü–∞,ALEX&RUS,7,102K,https://tokchart.com/img/6707774381675808769/600
2022-10-02,Law (feat. E-40),Yo Gotti,8,95K,https://tokchart.com/img/6716154648643815425/600
2022-10-02,CUFF IT,Beyonc√©,9,94K,https://tokchart.com/img/7125598551698049025/600
2022-10-02,Mi tesoro (feat. Nicky Jam),Zion & Lennox,10,88K,https://tokchart.com/img/224823283911897089/600
2022-10-09,CUFF IT,Beyonc√©,1,273K,https://tokchart.com/img/7125598551698049025/600
2022-10-09,original sound - bipin_sigdel,bipin_sigdel,2,256K,https://tokchart.com/img/6610564762407275270/600
2022-10-09,Butakera,La Joaqui & Alan Gomez & EL NOBA,3,252K,https://tokchart.com/img/7145171223088319237/600
2022-10-09,Love You So,The King Khan & BBQ Show,4,245K,https://tokchart.com/img/6728562975734515713/600
2022-10-09,original sound - zabi_official_5,‰∏∂‰πô√ÖBi„ÄÜ,5,166K,https://tokchart.com/img/6674813094268652294/600
2022-10-09,BIZCOCHITO,ROSAL√çA,6,123K,https://tokchart.com/img/7076281174691973122/600
2022-10-09,Funny Song,Funny Song Studio & Sounds Reel,7,98K,https://tokchart.com/img/6732536571318257666/600
2022-10-09,Mi tesoro (feat. Nicky Jam),Zion & Lennox,8,90K,https://tokchart.com/img/224823283911897089/600
2022-10-09,Law (feat. E-40),Yo Gotti,9,89K,https://tokchart.com/img/6716154648643815425/600
2022-10-09,BA STRAATA,2woShort,10,84K,https://tokchart.com/img/7144106099350735621/600
2022-10-16,Tokei no Uta,Nonochan(Nonoka Murakata),1,813K,https://tokchart.com/img/7040608212294388481/600
2022-10-16,Love You So,The King Khan & BBQ Show,2,391K,https://tokchart.com/img/6728562975734515713/600
2022-10-16,Unholy,Sam Smith & Kim Petras,3,289K,https://tokchart.com/img/7145411702920742914/600
2022-10-16,Lpb Poody - Address It,ùó¶ùóÆùòÉùó∂ùóªùóÆ‚ú®,4,276K,https://tokchart.com/img/6815312113767123718/600
2022-10-16,Butakera,La Joaqui & Alan Gomez & EL NOBA,5,274K,https://tokchart.com/img/7145171223088319237/600
2022-10-16,CUFF IT,Beyonc√©,6,271K,https://tokchart.com/img/7125598551698049025/600
2022-10-16,PUNTO 40,Rauw Alejandro & Baby Rasta,7,220K,https://tokchart.com/img/7146709505731398406/600
2022-10-16,S.I.M.P (Squirrels In My Pants) [From 'Phineas And Ferb'],Geek Music,8,219K,https://tokchart.com/img/7033436299269556225/600
2022-10-16,Cool Kids (our sped up version),Echosmith,9,198K,https://tokchart.com/img/7136115827699124226/600
2022-10-16,Forget,XXKATUSJINSUX,10,178K,https://tokchart.com/img/7141159460742891522/600
2022-10-23,Tokei no Uta,Nonochan(Nonoka Murakata),1,1M,https://tokchart.com/img/7040608212294388481/600
2022-10-23,Love You So,The King Khan & BBQ Show,2,415K,https://tokchart.com/img/6728562975734515713/600
2022-10-23,Unholy,Sam Smith & Kim Petras,3,296K,https://tokchart.com/img/7145411702920742914/600
2022-10-23,S.I.M.P (Squirrels In My Pants) [From 'Phineas And Ferb'],Geek Music,4,293K,https://tokchart.com/img/7033436299269556225/600
2022-10-23,Beat Automotivo Tan Tan Tan Viral,WZ Beat,5,292K,https://tokchart.com/img/7098939394085702406/600
2022-10-23,Lpb Poody - Address It,ùó¶ùóÆùòÉùó∂ùóªùóÆ‚ú®,6,285K,https://tokchart.com/img/6815312113767123718/600
2022-10-23,PUNTO 40,Rauw Alejandro & Baby Rasta,7,273K,https://tokchart.com/img/7146709505731398406/600
2022-10-23,Funny Song,Funny Song Studio & Sounds Reel,8,168K,https://tokchart.com/img/6732536571318257666/600
2022-10-23,MOMENTS IN LIFE,Turreekk,9,157K,https://tokchart.com/img/6769569394507909121/600
2022-10-23,CUFF IT,Beyonc√©,10,155K,https://tokchart.com/img/7125598551698049025/600
2022-11-06,Halloween „Éª cute horror song,PeriTune,1,388K,https://tokchart.com/img/6817180237894256641/600
2022-11-06,Love You So,The King Khan & BBQ Show,2,358K,https://tokchart.com/img/6728562975734515713/600
2022-11-06,Made You Look,Meghan Trainor,3,330K,https://tokchart.com/img/7153075272433060650/600
2022-11-06,Psycho Killer,Talking Heads,4,229K,https://tokchart.com/img/6593554956505058053/600
2022-11-06,S.I.M.P (Squirrels In My Pants) [From 'Phineas And Ferb'],Geek Music,5,200K,https://tokchart.com/img/7033436299269556225/600
2022-11-06,–î–∏–∫–∞—è –ª—å–≤–∏—Ü–∞,ALEX&RUS,6,194K,https://tokchart.com/img/6707774381675808769/600
2022-11-06,Funny Song,Funny Song Studio & Sounds Reel,7,158K,https://tokchart.com/img/6732536571318257666/600
2022-11-06,Miss You,Oliver Tree & Robin Schulz,8,152K,https://tokchart.com/img/7128216661160658946/600
2022-11-06,Mi tesoro (feat. Nicky Jam),Zion & Lennox,9,123K,https://tokchart.com/img/224823283911897089/600
2022-11-06,Take Me to Hell,Chloe Adams,10,122K,https://tokchart.com/img/7151329008582412289/600
2022-11-13,Tokei no Uta,Nonochan(Nonoka Murakata),1,520K,https://tokchart.com/img/7040608212294388481/600
2022-11-13,Made You Look,Meghan Trainor,2,372K,https://tokchart.com/img/7153075272433060650/600
2022-11-13,Love You So,The King Khan & BBQ Show,3,348K,https://tokchart.com/img/6728562975734515713/600
2022-11-13,–î–∏–∫–∞—è –ª—å–≤–∏—Ü–∞,ALEX&RUS,4,198K,https://tokchart.com/img/6707774381675808769/600
2022-11-13,Psycho Killer,Talking Heads,5,187K,https://tokchart.com/img/6593554956505058053/600
2022-11-13,Funny Song,Funny Song Studio & Sounds Reel,6,182K,https://tokchart.com/img/6732536571318257666/600
2022-11-13,S.I.M.P (Squirrels In My Pants) [From 'Phineas And Ferb'],Geek Music,7,148K,https://tokchart.com/img/7033436299269556225/600
2022-11-13,CUFF IT,Beyonc√©,8,144K,https://tokchart.com/img/7125598551698049025/600
2022-11-13,El Ladr√≥n de Mi Sue√±o,Beatriz Sanchez,9,127K,https://tokchart.com/img/7088991074785479429/600
2022-11-13,Mi tesoro (feat. Nicky Jam),Zion & Lennox,10,120K,https://tokchart.com/img/224823283911897089/600
2022-11-20,Tokei no Uta,Nonochan(Nonoka Murakata),1,821K,https://tokchart.com/img/7040608212294388481/600
2022-11-20,SWIPE,ALYPH,2,471K,https://tokchart.com/img/7154178442622142466/600
2022-11-20,Made You Look,Meghan Trainor,3,410K,https://tokchart.com/img/7153075272433060650/600
2022-11-20,Love You So,The King Khan & BBQ Show,4,350K,https://tokchart.com/img/6728562975734515713/600
2022-11-20,A BAH A BAH A BA BA BA,.youk2,5,333K,https://tokchart.com/img/7162572534200994565/600
2022-11-20,Why You Asking All Them Questions,Spoken Reasons,6,265K,https://tokchart.com/img/6815815835320404741/600
2022-11-20,All I Want For Christmas Is You,Mariah Carey,7,199K,https://tokchart.com/img/222454852260487168/600
2022-11-20,–î–∏–∫–∞—è –ª—å–≤–∏—Ü–∞,ALEX&RUS,8,198K,https://tokchart.com/img/6707774381675808769/600
2022-11-20,Funny Song,Funny Song Studio & Sounds Reel,9,179K,https://tokchart.com/img/6732536571318257666/600
2022-11-20,Funny Laugh no no no,Sound Effect,10,135K,https://tokchart.com/img/6642168923733101314/600
2022-11-27,Love You So,The King Khan & BBQ Show,1,432K,https://tokchart.com/img/6728562975734515713/600
2022-11-27,Made You Look,Meghan Trainor,2,371K,https://tokchart.com/img/7153075272433060650/600
2022-11-27,Tokei no Uta,Nonochan(Nonoka Murakata),3,324K,https://tokchart.com/img/7040608212294388481/600
2022-11-27,SWIPE,ALYPH,4,310K,https://tokchart.com/img/7154178442622142466/600
2022-11-27,A BAH A BAH A BA BA BA,.youk2,5,274K,https://tokchart.com/img/7162572534200994565/600
2022-11-27,La La La (Brasil 2014)/Waka Waka (This Time for Africa) Medley (El Dorado World Tour Live),Shakira,6,218K,https://tokchart.com/img/6758976609304184833/600
2022-11-27,All I Want For Christmas Is You,Mariah Carey,7,217K,https://tokchart.com/img/222454852260487168/600
2022-11-27,PUNTO 40,Rauw Alejandro & Baby Rasta,8,195K,https://tokchart.com/img/7146709505731398406/600
2022-11-27,Why You Asking All Them Questions,Spoken Reasons,9,190K,https://tokchart.com/img/6815815835320404741/600
2022-11-27,–î–∏–∫–∞—è –ª—å–≤–∏—Ü–∞,ALEX&RUS,10,180K,https://tokchart.com/img/6707774381675808769/600
2022-12-04,Tokei no Uta,Nonochan(Nonoka Murakata),1,543K,https://tokchart.com/img/7040608212294388481/600
2022-12-04,Love You So,The King Khan & BBQ Show,2,436K,https://tokchart.com/img/6728562975734515713/600
2022-12-04,Parado no Bail√£o,MC L da Vinte & MC Gury,3,389K,https://tokchart.com/img/6767387698505189377/600
2022-12-04,All I Want For Christmas Is You,Mariah Carey,4,379K,https://tokchart.com/img/222454852260487168/600
2022-12-04,Dreamers [Music from the FIFA World Cup Qatar 2022 Official Soundtrack],Jung Kook & BTS,5,352K,https://tokchart.com/img/7167503660023285762/600
2022-12-04,La La La (Brasil 2014)/Waka Waka (This Time for Africa) Medley (El Dorado World Tour Live),Shakira,6,211K,https://tokchart.com/img/6758976609304184833/600
2022-12-04,–î–∏–∫–∞—è –ª—å–≤–∏—Ü–∞,ALEX&RUS,7,187K,https://tokchart.com/img/6707774381675808769/600
2022-12-04,Funny Song,Funny Song Studio & Sounds Reel,8,171K,https://tokchart.com/img/6732536571318257666/600
2022-12-04,It's Beginning to Look a Lot like Christmas,Michael Bubl√©,9,148K,https://tokchart.com/img/6753170535640729601/600
2022-12-04,PUNTO 40,Rauw Alejandro & Baby Rasta,10,142K,https://tokchart.com/img/7146709505731398406/600
2022-12-11,Ïò§Î¶¨ÏßÄÎÑê ÏÇ¨Ïö¥Îìú - heyy,heyy,1,590K,https://tokchart.com/img/7169243527711361798/600
2022-12-11,All I Want For Christmas Is You,Mariah Carey,2,462K,https://tokchart.com/img/222454852260487168/600
2022-12-11,ÂèØÊÑõ„Åè„Å¶„Åî„ÇÅ„Çì (feat. „Åã„Å¥),HoneyWorks,3,443K,https://tokchart.com/img/7127871335373015041/600
2022-12-11,Tubar√£o Te Amo,DJ LK da Esc√≥cia & Tchakabum & Mc Ryan SP,4,389K,https://tokchart.com/img/7149226021210818562/600
2022-12-11,Love You So,The King Khan & BBQ Show,5,224K,https://tokchart.com/img/6728562975734515713/600
2022-12-11,Tokei no Uta,Nonochan(Nonoka Murakata),6,198K,https://tokchart.com/img/7040608212294388481/600
2022-12-11,Parado no Bail√£o,MC L da Vinte & MC Gury,7,177K,https://tokchart.com/img/6767387698505189377/600
2022-12-11,Dreamers [Music from the FIFA World Cup Qatar 2022 Official Soundtrack],Jung Kook & BTS,8,161K,https://tokchart.com/img/7167503660023285762/600
2022-12-11,It's Beginning to Look a Lot like Christmas,Michael Bubl√©,9,125K,https://tokchart.com/img/6753170535640729601/600
2022-12-11,Made You Look,Meghan Trainor,10,98K,https://tokchart.com/img/7153075272433060650/600
2022-12-18,ÂèØÊÑõ„Åè„Å¶„Åî„ÇÅ„Çì (feat. „Åã„Å¥),HoneyWorks,1,765K,https://tokchart.com/img/7127871335373015041/600
2022-12-18,Ïò§Î¶¨ÏßÄÎÑê ÏÇ¨Ïö¥Îìú - heyy,heyy,2,717K,https://tokchart.com/img/7169243527711361798/600
2022-12-18,Tokei no Uta,Nonochan(Nonoka Murakata),3,457K,https://tokchart.com/img/7040608212294388481/600
2022-12-18,All I Want For Christmas Is You,Mariah Carey,4,443K,https://tokchart.com/img/222454852260487168/600
2022-12-18,Tubar√£o Te Amo,DJ LK da Esc√≥cia & Tchakabum & Mc Ryan SP,5,418K,https://tokchart.com/img/7149226021210818562/600
2022-12-18,Made You Look,Meghan Trainor,6,182K,https://tokchart.com/img/7153075272433060650/600
2022-12-18,It's Beginning to Look a Lot like Christmas,Michael Bubl√©,7,129K,https://tokchart.com/img/6753170535640729601/600
2022-12-18,Nonsense by Sabrina carpenter,üçâ,8,128K,https://tokchart.com/img/7121710640280226566/600
2022-12-18,SWIPE,ALYPH,9,71K,https://tokchart.com/img/7154178442622142466/600
2022-12-18,original sound - natcsluvr,ùëµùë®ùëªùë™ùë∫ùë≥ùëºùëΩùëπ‚ù¶,10,67K,https://tokchart.com/img/7045715956424772354/600
2022-12-25,,,1,849K,https://tokchart.com/img/7116825617672456966/600
2022-12-25,All I Want For Christmas Is You,Mariah Carey,2,800K,https://tokchart.com/img/222454852260487168/600
2022-12-25,Tokei no Uta,Nonochan(Nonoka Murakata),3,683K,https://tokchart.com/img/7040608212294388481/600
2022-12-25,ÂèØÊÑõ„Åè„Å¶„Åî„ÇÅ„Çì (feat. „Åã„Å¥),HoneyWorks,4,226K,https://tokchart.com/img/7127871335373015041/600
2022-12-25,Ïò§Î¶¨ÏßÄÎÑê ÏÇ¨Ïö¥Îìú - heyy,heyy,5,216K,https://tokchart.com/img/7169243527711361798/600
2022-12-25,Nonsense by Sabrina carpenter,üçâ,6,166K,https://tokchart.com/img/7121710640280226566/600
2022-12-25,Tubar√£o Te Amo,DJ LK da Esc√≥cia & Tchakabum & Mc Ryan SP,7,152K,https://tokchart.com/img/7149226021210818562/600
2022-12-25,Made You Look,Meghan Trainor,8,138K,https://tokchart.com/img/7153075272433060650/600
2022-12-25,It's Beginning to Look a Lot like Christmas,Michael Bubl√©,9,112K,https://tokchart.com/img/6753170535640729601/600
2022-12-25,PUNTO 40,Rauw Alejandro & Baby Rasta,10,89K,https://tokchart.com/img/7146709505731398406/600
2023-01-08,,,1,1M,https://tokchart.com/img/7116825617672456966/600
2023-01-08,Beat Automotivo Tan Tan Tan Viral,WZ Beat,2,406K,https://tokchart.com/img/7098939394085702406/600
2023-01-08,Tokei no Uta,Nonochan(Nonoka Murakata),3,373K,https://tokchart.com/img/7040608212294388481/600
2023-01-08,Ïò§Î¶¨ÏßÄÎÑê ÏÇ¨Ïö¥Îìú - heyy,heyy,4,329K,https://tokchart.com/img/7169243527711361798/600
2023-01-08,Made You Look,Meghan Trainor,5,194K,https://tokchart.com/img/7153075272433060650/600
2023-01-08,Tubar√£o Te Amo,DJ LK da Esc√≥cia & Tchakabum & Mc Ryan SP,6,147K,https://tokchart.com/img/7149226021210818562/600
2023-01-08,Happiest Year,Jaymes Young,7,143K,https://tokchart.com/img/6711647551864440834/600
2023-01-08,Mi tesoro (feat. Nicky Jam),Zion & Lennox,8,142K,https://tokchart.com/img/224823283911897089/600
2023-01-08,"Paligoy-Ligoy - From ""Diary Ng Panget""",Nadine Lustre,9,116K,https://tokchart.com/img/225280359888797696/600
2023-01-08,Struggler,R Nait,10,106K,https://tokchart.com/img/6716374992059108101/600
2023-01-15,,,1,747K,https://tokchart.com/img/7116825617672456966/600
2023-01-15,Beat Automotivo Tan Tan Tan Viral,WZ Beat,2,612K,https://tokchart.com/img/7098939394085702406/600
2023-01-15,Feel Good Inc.,Gorillaz,3,281K,https://tokchart.com/img/6711176322527283201/600
2023-01-15,Love You So,The King Khan & BBQ Show,4,243K,https://tokchart.com/img/6728562975734515713/600
2023-01-15,Made You Look,Meghan Trainor,5,223K,https://tokchart.com/img/7153075272433060650/600
2023-01-15,Ïò§Î¶¨ÏßÄÎÑê ÏÇ¨Ïö¥Îìú - heyy,heyy,6,206K,https://tokchart.com/img/7169243527711361798/600
2023-01-15,"Paligoy-Ligoy - From ""Diary Ng Panget""",Nadine Lustre,7,196K,https://tokchart.com/img/225280359888797696/600
2023-01-15,Miss You,Oliver Tree & Robin Schulz,8,133K,https://tokchart.com/img/7128216661160658946/600
2023-01-15,Monkeys Spinning Monkeys,Kevin MacLeod & Kevin The Monkey,9,122K,https://tokchart.com/img/6746993352891189249/600
2023-01-15,ÂèØÊÑõ„Åè„Å¶„Åî„ÇÅ„Çì (feat. „Åã„Å¥),HoneyWorks,10,116K,https://tokchart.com/img/7127871335373015041/600
2023-02-12,Love You So,The King Khan & BBQ Show,1,417K,https://tokchart.com/img/6728562975734515713/600
2023-02-12,Flowers,Miley Cyrus,2,395K,https://tokchart.com/img/7187816271247853569/600
2023-02-12,Dior,Pop Smoke,3,342K,https://tokchart.com/img/6756373598417455105/600
2023-02-12,"Shakira: Bzrp Music Sessions, Vol. 53",Bizarrap & Shakira,4,255K,https://tokchart.com/img/7187522835294881793/600
2023-02-12,Sure Thing (sped up),Miguel,5,207K,https://tokchart.com/img/7168903203530476293/600
2023-02-12,1 second count / when button pressed / time signal 23(1117365),QUESS,6,207K,https://tokchart.com/img/7021559313206347778/600
2023-02-12,Collide (sped up),Justine Skye,7,206K,https://tokchart.com/img/7149845524978338561/600
2023-02-12,Monkeys Spinning Monkeys,Kevin MacLeod & Kevin The Monkey,8,183K,https://tokchart.com/img/6746993352891189249/600
2023-02-12,Her Way (Sped Up),PARTYNEXTDOOR,9,175K,https://tokchart.com/img/7123654694953585454/600
2023-02-12,Mio Mao la la la la la,ü¶á,10,153K,https://tokchart.com/img/7057033541565074181/600
2023-02-19,Hundred Miles (Sped Up Version),Yall & Gabriela Richardson,1,393K,https://tokchart.com/img/7180330143427087110/600
2023-02-19,Boy's a liar Pt. 2,PinkPantheress & Ice Spice,2,224K,https://tokchart.com/img/7189713675660314626/600
2023-02-19,Love You So,The King Khan & BBQ Show,3,215K,https://tokchart.com/img/6728562975734515713/600
2023-02-19,1 second count / when button pressed / time signal 23(1117365),QUESS,4,197K,https://tokchart.com/img/7021559313206347778/600
2023-02-19,Mio Mao la la la la la,ü¶á,5,162K,https://tokchart.com/img/7057033541565074181/600
2023-02-19,It's A Wrap - Sped Up,Mariah Carey,6,159K,https://tokchart.com/img/7109548851984190213/600
2023-02-19,Flowers,Miley Cyrus,7,143K,https://tokchart.com/img/7187816271247853569/600
2023-02-19,Green Green Grass (Sped-Up),George Ezra,8,137K,https://tokchart.com/img/7111302646232795910/600
2023-02-19,Aesthetic,Tollan Kim,9,92K,https://tokchart.com/img/7072513628145977346/600
2023-02-19,Made You Look,Meghan Trainor,10,80K,https://tokchart.com/img/7153075272433060650/600
2023-02-26,Hundred Miles (Sped Up Version),Yall & Gabriela Richardson,1,839K,https://tokchart.com/img/7180330143427087110/600
2023-02-26,Boy's a liar Pt. 2,PinkPantheress & Ice Spice,2,655K,https://tokchart.com/img/7189713675660314626/600
2023-02-26,Love You So,The King Khan & BBQ Show,3,618K,https://tokchart.com/img/6728562975734515713/600
2023-02-26,Flowers,Miley Cyrus,4,293K,https://tokchart.com/img/7187816271247853569/600
2023-02-26,It's A Wrap - Sped Up,Mariah Carey,5,196K,https://tokchart.com/img/7109548851984190213/600
2023-02-26,Mio Mao la la la la la,ü¶á,6,185K,https://tokchart.com/img/7057033541565074181/600
2023-02-26,Made You Look,Meghan Trainor,7,171K,https://tokchart.com/img/7153075272433060650/600
2023-02-26,The Freshmen,The Verve Pipe,8,168K,https://tokchart.com/img/223207947944730624/600
2023-02-26,Monkeys Spinning Monkeys,Kevin MacLeod & Kevin The Monkey,9,165K,https://tokchart.com/img/6746993352891189249/600
2023-02-26,lovers rock,Aleena.*-,10,164K,https://tokchart.com/img/7170656153417403141/600
2023-03-05,Boy's a liar Pt. 2,PinkPantheress & Ice Spice,1,711K,https://tokchart.com/img/7189713675660314626/600
2023-03-05,Hundred Miles (Sped Up Version),Yall & Gabriela Richardson,2,661K,https://tokchart.com/img/7180330143427087110/600
2023-03-05,Love You So,The King Khan & BBQ Show,3,477K,https://tokchart.com/img/6728562975734515713/600
2023-03-05,Flowers,Miley Cyrus,4,224K,https://tokchart.com/img/7187816271247853569/600
2023-03-05,Made You Look,Meghan Trainor,5,149K,https://tokchart.com/img/7153075272433060650/600
2023-03-05,original sound - sagar8454,üå∑üíóüå∑üå∑üíñüå∑üå∑‚≠êüå∑,6,145K,https://tokchart.com/img/6645703143759809286/600
2023-03-05,Ïò§Î¶¨ÏßÄÎÑê ÏÇ¨Ïö¥Îìú - bluespoetry,bluespoetry,7,130K,https://tokchart.com/img/7128317846433630982/600
2023-03-05,Tokei no Uta,Nonochan(Nonoka Murakata),8,113K,https://tokchart.com/img/7040608212294388481/600
2023-03-05,lovers rock,Aleena.*-,9,111K,https://tokchart.com/img/7170656153417403141/600
2023-03-05,Jo Tum Na Ho Shayad,Arijit Singh,10,109K,https://tokchart.com/img/6784743024489400321/600
2023-03-12,Ting Ting Ting,ùïΩùñéùñÜùñì..ùìê,1,3M,https://tokchart.com/img/7058428041680177946/600
2023-03-12,T√∫ Foto,Ozuna,2,682K,https://tokchart.com/img/276939931384438784/600
2023-03-12,Boys a Liar Pt2 Sped Up,Kuya Magik ü™Ñ,3,670K,https://tokchart.com/img/7203560112412166938/600
2023-03-12,Hundred Miles (Sped Up Version),Yall & Gabriela Richardson,4,559K,https://tokchart.com/img/7180330143427087110/600
2023-03-12,original sound - miamugs,Mia Mugavero,5,233K,https://tokchart.com/img/7035466543844739886/600
2023-03-12,Love You So,The King Khan & BBQ Show,6,190K,https://tokchart.com/img/6728562975734515713/600
2023-03-12,Mio Mao la la la la la,ü¶á,7,146K,https://tokchart.com/img/7057033541565074181/600
2023-03-12,lovers rock,Aleena.*-,8,104K,https://tokchart.com/img/7170656153417403141/600
2023-03-12,Blood Sweat & Tears,BTS,9,97K,https://tokchart.com/img/275737148002390016/600
2023-03-12,It's A Wrap - Sped Up,Mariah Carey,10,94K,https://tokchart.com/img/7109548851984190213/600
2023-03-19,Beat Automotivo Tan Tan Tan Viral,WZ Beat,1,430K,https://tokchart.com/img/7098939394085702406/600
2023-03-19,Hundred Miles (Sped Up Version),Yall & Gabriela Richardson,2,403K,https://tokchart.com/img/7180330143427087110/600
2023-03-19,Boys a Liar Pt2 Sped Up,Kuya Magik ü™Ñ,3,339K,https://tokchart.com/img/7203560112412166938/600
2023-03-19,Enak Susunya,Faiha,4,326K,https://tokchart.com/img/6623666548366117637/600
2023-03-19,TQG,KAROL G & Shakira,5,287K,https://tokchart.com/img/7200995956416841729/600
2023-03-19,original sound - miamugs,Mia Mugavero,6,285K,https://tokchart.com/img/7035466543844739886/600
2023-03-19,original sound - shelby.willis,Shelby Willis,7,258K,https://tokchart.com/img/6854383948970117893/600
2023-03-19,Love You So,The King Khan & BBQ Show,8,253K,https://tokchart.com/img/6728562975734515713/600
2023-03-19,Vacil√£o,Z√© Felipe & Igow & Wesley Safad√£o,9,238K,https://tokchart.com/img/7208592300853692418/600
2023-03-19,original sound - kiranraj9998015,¬ß√¶ƒè b√∏√Ω ≈òj,10,199K,https://tokchart.com/img/6699337631467178758/600
2023-03-26,"Rishte Naate (From ""De Dana Dan"")",Rahat Fateh Ali Khan & Suzanne Demello,1,915K,https://tokchart.com/img/6703075400521615361/600
2023-03-26,Beat Automotivo Tan Tan Tan Viral,WZ Beat,2,679K,https://tokchart.com/img/7098939394085702406/600
2023-03-26,TQG,KAROL G & Shakira,3,409K,https://tokchart.com/img/7200995956416841729/600
2023-03-26,Blicky,Fresh X Reckless,4,323K,https://tokchart.com/img/7189151224833247234/600
2023-03-26,original sound - sintilintii,üêªsintilintiüêª,5,308K,https://tokchart.com/img/7199318704700869381/600
2023-03-26,Aesthetic,Tollan Kim,6,302K,https://tokchart.com/img/7072513628145977346/600
2023-03-26,Obsessed With You x All About Him,ARNEL REMIX,7,276K,https://tokchart.com/img/7208944395406625541/600
2023-03-26,Vacil√£o,Z√© Felipe & Igow & Wesley Safad√£o,8,268K,https://tokchart.com/img/7208592300853692418/600
2023-03-26,Love You So,The King Khan & BBQ Show,9,264K,https://tokchart.com/img/6728562975734515713/600
2023-03-26,Hundred Miles (Sped Up Version),Yall & Gabriela Richardson,10,246K,https://tokchart.com/img/7180330143427087110/600
2023-04-02,Obsessed With You x All About Him,ARNEL REMIX,1,1M,https://tokchart.com/img/7208944395406625541/600
2023-04-02,Loop,Sasscy,2,849K,https://tokchart.com/img/6667809228310186753/600
2023-04-02,original sound - kyo.__.chan,„Åç„Çá„Å£„Å°„ÇÉ„Çì,3,800K,https://tokchart.com/img/6718973664315869954/600
2023-04-02,Beat Automotivo Tan Tan Tan Viral,WZ Beat,4,750K,https://tokchart.com/img/7098939394085702406/600
2023-04-02,Bounce When She Walk,Ohboyprince,5,510K,https://tokchart.com/img/7200065594014731054/600
2023-04-02,La Chica del Bikini Azul (Sped Up Version),High and Low HITS,6,436K,https://tokchart.com/img/7059161639207127813/600
2023-04-02,Cupid ‚Äì Twin Ver. (FIFTY FIFTY) ‚Äì Sped Up Version,sped up 8282,7,368K,https://tokchart.com/img/7204194389054147334/600
2023-04-02,Blicky,Fresh X Reckless,8,358K,https://tokchart.com/img/7189151224833247234/600
2023-04-02,Love You So,The King Khan & BBQ Show,9,358K,https://tokchart.com/img/6728562975734515713/600
2023-04-02,TQG,KAROL G & Shakira,10,336K,https://tokchart.com/img/7200995956416841729/600
2023-04-09,Cupid ‚Äì Twin Ver. (FIFTY FIFTY) ‚Äì Sped Up Version,sped up 8282,1,1M,https://tokchart.com/img/7204194389054147334/600
2023-04-09,Obsessed With You x All About Him,ARNEL REMIX,2,1M,https://tokchart.com/img/7208944395406625541/600
2023-04-09,La Chica del Bikini Azul (Sped Up Version),High and Low HITS,3,875K,https://tokchart.com/img/7059161639207127813/600
2023-04-09,Beat Automotivo Tan Tan Tan Viral,WZ Beat,4,795K,https://tokchart.com/img/7098939394085702406/600
2023-04-09,Bounce When She Walk,Ohboyprince,5,643K,https://tokchart.com/img/7200065594014731054/600
2023-04-09,–î–∏–∫–∞—è –ª—å–≤–∏—Ü–∞,ALEX&RUS,6,489K,https://tokchart.com/img/6707774381675808769/600
2023-04-09,Blicky,Fresh X Reckless,7,433K,https://tokchart.com/img/7189151224833247234/600
2023-04-09,Natural,Imagine Dragons,8,387K,https://tokchart.com/img/5000000001409165453/600
2023-04-09,FLOWER,JISOO,9,337K,https://tokchart.com/img/7216244997174249473/600
2023-04-09,TQG,KAROL G & Shakira,10,288K,https://tokchart.com/img/7200995956416841729/600
2023-04-16,Cupid ‚Äì Twin Ver. (FIFTY FIFTY) ‚Äì Sped Up Version,sped up 8282,1,1M,https://tokchart.com/img/7204194389054147334/600
2023-04-16,Beat Automotivo Tan Tan Tan Viral,WZ Beat,2,784K,https://tokchart.com/img/7098939394085702406/600
2023-04-16,FLOWER,JISOO,3,710K,https://tokchart.com/img/7216244997174249473/600
2023-04-16,Obsessed With You x All About Him,ARNEL REMIX,4,623K,https://tokchart.com/img/7208944395406625541/600
2023-04-16,La Chica del Bikini Azul (Sped Up Version),High and Low HITS,5,605K,https://tokchart.com/img/7059161639207127813/600
2023-04-16,MON LOVE OHO,Liamsi,6,547K,https://tokchart.com/img/7171440967919225605/600
2023-04-16,Blicky,Fresh X Reckless,7,410K,https://tokchart.com/img/7189151224833247234/600
2023-04-16,Bounce When She Walk,Ohboyprince,8,401K,https://tokchart.com/img/7200065594014731054/600
2023-04-16,original sound - dilfswhcre69,dilfswhcre,9,383K,https://tokchart.com/img/7179714646910225194/600
2023-04-16,Ella Baila Sola,Eslabon Armado & Peso Pluma,10,266K,https://tokchart.com/img/7210961270449637377/600
2023-04-23,Cupid ‚Äì Twin Ver. (FIFTY FIFTY) ‚Äì Sped Up Version,sped up 8282,1,710K,https://tokchart.com/img/7204194389054147334/600
2023-04-23,Beat Automotivo Tan Tan Tan Viral,WZ Beat,2,373K,https://tokchart.com/img/7098939394085702406/600
2023-04-23,MON LOVE OHO,Liamsi,3,331K,https://tokchart.com/img/7171440967919225605/600
2023-04-23,Obsessed With You x All About Him,ARNEL REMIX,4,238K,https://tokchart.com/img/7208944395406625541/600
2023-04-23,Ella Baila Sola,Eslabon Armado & Peso Pluma,5,221K,https://tokchart.com/img/7210961270449637377/600
2023-04-23,La Chica del Bikini Azul (Sped Up Version),High and Low HITS,6,217K,https://tokchart.com/img/7059161639207127813/600
2023-04-23,Cupid (Twin Ver.),FIFTY FIFTY,7,194K,https://tokchart.com/img/7202908102025283586/600
2023-04-23,original sound - dilfswhcre69,dilfswhcre,8,167K,https://tokchart.com/img/7179714646910225194/600
2023-04-23,Blicky,Fresh X Reckless,9,163K,https://tokchart.com/img/7189151224833247234/600
2023-04-23,FLOWER,JISOO,10,161K,https://tokchart.com/img/7216244997174249473/600
2023-05-07,Bole Chudiyan,Jatin-Lalit & Amit Kumar & Sonu Nigam & Alka Yagnik & Udit Narayan & Kavita Krishnamurthy,1,1M,https://tokchart.com/img/6691573955276327685/600
2023-05-07,Cupid ‚Äì Twin Ver. (FIFTY FIFTY) ‚Äì Sped Up Version,sped up 8282,2,754K,https://tokchart.com/img/7204194389054147334/600
2023-05-07,MON LOVE OHO,Liamsi,3,531K,https://tokchart.com/img/7171440967919225605/600
2023-05-07,Cupid ‚Äì Twin Ver. (FIFTY FIFTY) ‚Äì Sped Up Version,sped up 8282,4,518K,https://tokchart.com/img/7217542291274090498/600
2023-05-07,Ella Baila Sola,Eslabon Armado & Peso Pluma,5,442K,https://tokchart.com/img/7210961270449637377/600
2023-05-07,Beat Automotivo Tan Tan Tan Viral,WZ Beat,6,359K,https://tokchart.com/img/7098939394085702406/600
2023-05-07,FLOWER,JISOO,7,326K,https://tokchart.com/img/7216244997174249473/600
2023-05-07,Baby you (Baby you Ver.),Yuka,8,304K,https://tokchart.com/img/7199964756504316673/600
2023-05-07,original sound - skinsxyls,skins <3,9,279K,https://tokchart.com/img/7120226613811366661/600
2023-05-07,Maria Maria (feat. The Product G&B) (sped up),Santana & sped up + slowed,10,276K,https://tokchart.com/img/7136352262087117569/600
2023-05-14,INTENSO BOOM BOOM x FOOT FUNGUS x SHE GONE ENTER,Michael Napiza,1,4M,https://tokchart.com/img/6923726192537357058/600
2023-05-14,money trees,üç™,2,1M,https://tokchart.com/img/7055401571076639489/600
2023-05-14,Cupid ‚Äì Twin Ver. (FIFTY FIFTY) ‚Äì Sped Up Version,sped up 8282,3,821K,https://tokchart.com/img/7217542291274090498/600
2023-05-14,Cupid ‚Äì Twin Ver. (FIFTY FIFTY) ‚Äì Sped Up Version,sped up 8282,4,505K,https://tokchart.com/img/7204194389054147334/600
2023-05-14,Ella Baila Sola,Eslabon Armado & Peso Pluma,5,396K,https://tokchart.com/img/7210961270449637377/600
2023-05-14,DANCE DANCE DANCE X HUNG UP,ALT√âGO,6,312K,https://tokchart.com/img/7171566831864417029/600
2023-05-14,MON LOVE OHO,Liamsi,7,299K,https://tokchart.com/img/7171440967919225605/600
2023-05-14,FLOWER,JISOO,8,278K,https://tokchart.com/img/7216244997174249473/600
2023-05-14,Afro Trap Pt. 7 (La puissance),MHD,9,248K,https://tokchart.com/img/248884865956347904/600
2023-05-14,Baby you (Baby you Ver.),Yuka,10,247K,https://tokchart.com/img/7199964756504316673/600
2023-05-21,Beat Automotivo Tan Tan Tan Viral,WZ Beat,1,52M,https://tokchart.com/img/7098939394085702406/600
2023-05-21,Stranger,Official Sound Studio,2,2M,https://tokchart.com/img/6489394390557281038/600
2023-05-21,money trees,üç™,3,2M,https://tokchart.com/img/7055401571076639489/600
2023-05-21,Boy's a liar Pt. 2,PinkPantheress & Ice Spice,4,2M,https://tokchart.com/img/7197025723688454146/600
2023-05-21,die (sped up),lucidbeatz & key kelly,5,717K,https://tokchart.com/img/7205023455492704257/600
2023-05-21,Cupid ‚Äì Twin Ver. (FIFTY FIFTY) ‚Äì Sped Up Version,sped up 8282,6,697K,https://tokchart.com/img/7217542291274090498/600
2023-05-21,Sopa de Caracol (Re-Master 2022),Pilo Tejeda,7,445K,https://tokchart.com/img/7066013250990738182/600
2023-05-21,Ella Baila Sola,Eslabon Armado & Peso Pluma,8,330K,https://tokchart.com/img/7210961270449637377/600
2023-05-21,Daylight,David Kushner,9,325K,https://tokchart.com/img/7191094822155963179/600
2023-05-21,Cupid ‚Äì Twin Ver. (FIFTY FIFTY) ‚Äì Sped Up Version,sped up 8282,10,320K,https://tokchart.com/img/7204194389054147334/600
2023-05-28,money trees,üç™,1,1M,https://tokchart.com/img/7055401571076639489/600
2023-05-28,Pareja Del A√±o,Sebasti√°n Yatra & Myke Towers,2,888K,https://tokchart.com/img/6948978828165285890/600
2023-05-28,Dior,Ruger,3,859K,https://tokchart.com/img/7032003502314358786/600
2023-05-28,Cupid ‚Äì Twin Ver. (FIFTY FIFTY) ‚Äì Sped Up Version,sped up 8282,4,728K,https://tokchart.com/img/7217542291274090498/600
2023-05-28,If We Ever Broke Up,Mae Stephens,5,587K,https://tokchart.com/img/7183303677226044165/600
2023-05-28,Daylight,David Kushner,6,423K,https://tokchart.com/img/7191094822155963179/600
2023-05-28,die (sped up),lucidbeatz & key kelly,7,383K,https://tokchart.com/img/7205023455492704257/600
2023-05-28,Beat Automotivo Tan Tan Tan Viral,WZ Beat,8,357K,https://tokchart.com/img/7098939394085702406/600
2023-05-28,What It Is - Solo Version,Doechii,9,276K,https://tokchart.com/img/7220376557523618565/600
2023-05-28,Cupid ‚Äì Twin Ver. (FIFTY FIFTY) ‚Äì Sped Up Version,sped up 8282,10,266K,https://tokchart.com/img/7204194389054147334/600
2023-06-04,If We Ever Broke Up,Mae Stephens,1,2M,https://tokchart.com/img/7183303677226044165/600
2023-06-04,AARYAN SHAH RENEGADE SLOWED BY LUCZYFER,luczyfer,2,1M,https://tokchart.com/img/7080960633952373510/600
2023-06-04,money trees,üç™,3,1M,https://tokchart.com/img/7055401571076639489/600
2023-06-04,girls like me don't cry (sped up),thuy,4,977K,https://tokchart.com/img/7177031160675960834/600
2023-06-04,Cupid ‚Äì Twin Ver. (FIFTY FIFTY) ‚Äì Sped Up Version,sped up 8282,5,523K,https://tokchart.com/img/7217542291274090498/600
2023-06-04,Beat Automotivo Tan Tan Tan Viral,WZ Beat,6,321K,https://tokchart.com/img/7098939394085702406/600
2023-06-04,Ella Baila Sola,Eslabon Armado & Peso Pluma,7,279K,https://tokchart.com/img/7210961270449637377/600
2023-06-04,original sound - revivalfire,—Å—ã—Ä–æ–∫,8,235K,https://tokchart.com/img/7051177553859775233/600
2023-06-04,Daylight,David Kushner,9,213K,https://tokchart.com/img/7191094822155963179/600
2023-06-04,THIS YEAR (Blessings),Victor Thompson & Ehis ‚ÄòD‚Äô Greatest,10,208K,https://tokchart.com/img/7187093460854360838/600
2023-06-11,If We Ever Broke Up,Mae Stephens,1,1M,https://tokchart.com/img/7183303677226044165/600
2023-06-11,girls like me don't cry (sped up),thuy,2,1M,https://tokchart.com/img/7177031160675960834/600
2023-06-11,money trees,üç™,3,669K,https://tokchart.com/img/7055401571076639489/600
2023-06-11,original sound - revivalfire,—Å—ã—Ä–æ–∫,4,475K,https://tokchart.com/img/7051177553859775233/600
2023-06-11,Never Felt So Alone,Labrinth,5,333K,https://tokchart.com/img/7219187970715158530/600
2023-06-11,Cupid ‚Äì Twin Ver. (FIFTY FIFTY) ‚Äì Sped Up Version,sped up 8282,6,321K,https://tokchart.com/img/7217542291274090498/600
2023-06-11,Beat Automotivo Tan Tan Tan Viral,WZ Beat,7,176K,https://tokchart.com/img/7098939394085702406/600
2023-06-11,Cupid ‚Äì Twin Ver. (FIFTY FIFTY) ‚Äì Sped Up Version,sped up 8282,8,171K,https://tokchart.com/img/7204194389054147334/600
2023-06-11,THIS YEAR (Blessings),Victor Thompson & Ehis ‚ÄòD‚Äô Greatest,9,168K,https://tokchart.com/img/7187093460854360838/600
2023-06-11,Acr√≥stico (Solo Version),Shakira,10,128K,https://tokchart.com/img/7232054997625407489/600
2023-06-18,Captain (whistle),Nutcase22,1,1M,https://tokchart.com/img/7046760557633915653/600
2023-06-18,If We Ever Broke Up,Mae Stephens,2,1M,https://tokchart.com/img/7183303677226044165/600
2023-06-18,girls like me don't cry (sped up),thuy,3,1M,https://tokchart.com/img/7177031160675960834/600
2023-06-18,Just Wanna Rock,Lil Uzi Vert,4,1M,https://tokchart.com/img/7143731623425526574/600
2023-06-18,Who's That Girl (feat. Eve),Guy Sebastian,5,745K,https://tokchart.com/img/5000000000402359823/600
2023-06-18,money trees,üç™,6,534K,https://tokchart.com/img/7055401571076639489/600
2023-06-18,Move ya body CHAMOS remix,Changing Currents,7,532K,https://tokchart.com/img/7198589850063571718/600
2023-06-18,original sound - coachcheeralot,Coach,8,407K,https://tokchart.com/img/7195745803703552814/600
2023-06-18,Hall of Fame (feat. will.i.am),The Script,9,398K,https://tokchart.com/img/242445999237984256/600
2023-06-18,original sound - soundvibs_,üî•Marshmeloüî•,10,380K,https://tokchart.com/img/7190794313540979458/600
2023-06-25,If We Ever Broke Up,Mae Stephens,1,1M,https://tokchart.com/img/7183303677226044165/600
2023-06-25,Just Wanna Rock,Lil Uzi Vert,2,1M,https://tokchart.com/img/7143731623425526574/600
2023-06-25,Senza filtro (prod. Macs),Loomy,3,879K,https://tokchart.com/img/6719933750727150342/600
2023-06-25,girls like me don't cry (sped up),thuy,4,846K,https://tokchart.com/img/7177031160675960834/600
2023-06-25,LOOK AT ME,sanika ‚Ä¢ skywvker,5,516K,https://tokchart.com/img/7239692435058723610/600
2023-06-25,money trees,üç™,6,421K,https://tokchart.com/img/7055401571076639489/600
2023-06-25,Barbie Girl,Lady Aqua,7,412K,https://tokchart.com/img/6735291008394725377/600
2023-06-25,Hall of Fame (feat. will.i.am),The Script,8,397K,https://tokchart.com/img/242445999237984256/600
2023-06-25,Beat Automotivo Tan Tan Tan Viral,WZ Beat,9,381K,https://tokchart.com/img/7098939394085702406/600
2023-06-25,original sound - soundvibs_,üî•Marshmeloüî•,10,380K,https://tokchart.com/img/7190794313540979458/600
2023-07-02,Blow Your Mind (Mwahchallenge),Dua Lipa,1,1M,https://tokchart.com/img/6568746626930871041/600
2023-07-02,If We Ever Broke Up,Mae Stephens,2,1M,https://tokchart.com/img/7183303677226044165/600
2023-07-02,LOOK AT ME,sanika ‚Ä¢ skywvker,3,822K,https://tokchart.com/img/7239692435058723610/600
2023-07-02,girls like me don't cry (sped up),thuy,4,598K,https://tokchart.com/img/7177031160675960834/600
2023-07-02,LALA,Myke Towers,5,503K,https://tokchart.com/img/7212832308926089218/600
2023-07-02,original sound - itsvanburen,Van Buren,6,495K,https://tokchart.com/img/6912807447132441350/600
2023-07-02,money trees,üç™,7,340K,https://tokchart.com/img/7055401571076639489/600
2023-07-02,¬øY pa la Wacha Loca? (con Salastkbron) - Remix,GUSTY DJ & La joaqui & L-gante,8,252K,https://tokchart.com/img/7185649906073291526/600
2023-07-02,Aesthetic,Tollan Kim,9,243K,https://tokchart.com/img/7072513628145977346/600
2023-07-02,price tag,speed sounds,10,231K,https://tokchart.com/img/7213027706387090181/600
2023-07-09,If We Ever Broke Up,Mae Stephens,1,965K,https://tokchart.com/img/7183303677226044165/600
2023-07-09,girls like me don't cry (sped up),thuy,2,660K,https://tokchart.com/img/7177031160675960834/600
2023-07-09,LOOK AT ME,sanika ‚Ä¢ skywvker,3,590K,https://tokchart.com/img/7239692435058723610/600
2023-07-09,price tag,speed sounds,4,417K,https://tokchart.com/img/7213027706387090181/600
2023-07-09,LALA,Myke Towers,5,358K,https://tokchart.com/img/7212832308926089218/600
2023-07-09,Aesthetic,Tollan Kim,6,286K,https://tokchart.com/img/7072513628145977346/600
2023-07-09,GO,Ô∏é,7,266K,https://tokchart.com/img/7230498740124093227/600
2023-07-09,money trees,üç™,8,239K,https://tokchart.com/img/7055401571076639489/600
2023-07-09,Buckle Up,Philly Goats & PGS Spence,9,223K,https://tokchart.com/img/7239523422446062382/600
2023-07-09,Ella Baila Sola,Eslabon Armado & Peso Pluma,10,205K,https://tokchart.com/img/7210961270449637377/600
2023-07-16,If We Ever Broke Up,Mae Stephens,1,797K,https://tokchart.com/img/7183303677226044165/600
2023-07-16,LALA,Myke Towers,2,685K,https://tokchart.com/img/7212832308926089218/600
2023-07-16,Barbie Girl,Lady Aqua,3,588K,https://tokchart.com/img/6735291008394725377/600
2023-07-16,price tag,speed sounds,4,586K,https://tokchart.com/img/7213027706387090181/600
2023-07-16,girls like me don't cry (sped up),thuy,5,576K,https://tokchart.com/img/7177031160675960834/600
2023-07-16,barbie girl sped up,sarah,6,570K,https://tokchart.com/img/7181261165601901314/600
2023-07-16,LOOK AT ME,sanika ‚Ä¢ skywvker,7,569K,https://tokchart.com/img/7239692435058723610/600
2023-07-16,LALA,Myke Towers,8,437K,https://tokchart.com/img/7217459301435230982/600
2023-07-16,Touch My Body,Mariah Carey,9,344K,https://tokchart.com/img/6924869588391823362/600
2023-07-16,‡∏°‡∏≠‡∏á‡∏ô‡∏≤‡∏ô‡πÜ,FLI:P,10,321K,https://tokchart.com/img/7215652594876680193/600
2023-07-23,Barbie Girl,Lady Aqua,1,1M,https://tokchart.com/img/6735291008394725377/600
2023-07-23,original sound - luis.chin,Luis Angel Orosco,2,894K,https://tokchart.com/img/7165185412124691205/600
2023-07-23,If We Ever Broke Up,Mae Stephens,3,768K,https://tokchart.com/img/7183303677226044165/600
2023-07-23,LALA,Myke Towers,4,735K,https://tokchart.com/img/7212832308926089218/600
2023-07-23,LOOK AT ME,sanika ‚Ä¢ skywvker,5,648K,https://tokchart.com/img/7239692435058723610/600
2023-07-23,price tag,speed sounds,6,636K,https://tokchart.com/img/7213027706387090181/600
2023-07-23,girls like me don't cry (sped up),thuy,7,547K,https://tokchart.com/img/7177031160675960834/600
2023-07-23,LALA,Myke Towers,8,457K,https://tokchart.com/img/7217459301435230982/600
2023-07-23,bow chika wow wow,cristine,9,429K,https://tokchart.com/img/7243596088236608261/600
2023-07-23,La Canelera,Los Capos De Mexico,10,412K,https://tokchart.com/img/7005021836828429061/600
2023-08-06,LALA,Myke Towers,1,650K,https://tokchart.com/img/7212832308926089218/600
2023-08-06,original sound - itsvanburen,Van Buren,2,612K,https://tokchart.com/img/6912807447132441350/600
2023-08-06,Beat Automotivo Tan Tan Tan Viral,WZ Beat,3,540K,https://tokchart.com/img/7098939394085702406/600
2023-08-06,Barbie Girl,Lady Aqua,4,453K,https://tokchart.com/img/6735291008394725377/600
2023-08-06,"What Was I Made For? [From The Motion Picture ""Barbie""]",Billie Eilish,5,448K,https://tokchart.com/img/7255081252415375362/600
2023-08-06,7AM (Slowed + Reverb),adrian,6,422K,https://tokchart.com/img/7150442374261377026/600
2023-08-06,LOOK AT ME,sanika ‚Ä¢ skywvker,7,369K,https://tokchart.com/img/7239692435058723610/600
2023-08-06,09.08 lan√ßamento,Meno Felps,8,339K,https://tokchart.com/img/7257475210538142469/600
2023-08-06,Seven (feat. Latto) - Clean Ver.,Jung Kook & Latto,9,280K,https://tokchart.com/img/7255150605541656578/600
2023-08-06,price tag,speed sounds,10,273K,https://tokchart.com/img/7213027706387090181/600
2023-08-13,LALA,Myke Towers,1,561K,https://tokchart.com/img/7212832308926089218/600
2023-08-13,Beat Automotivo Tan Tan Tan Viral,WZ Beat,2,515K,https://tokchart.com/img/7098939394085702406/600
2023-08-13,Feather - Sped Up,Sabrina Carpenter,3,367K,https://tokchart.com/img/7214201432596695814/600
2023-08-13,LOOK AT ME,sanika ‚Ä¢ skywvker,4,289K,https://tokchart.com/img/7239692435058723610/600
2023-08-13,"What Was I Made For? [From The Motion Picture ""Barbie""]",Billie Eilish,5,285K,https://tokchart.com/img/7255081252415375362/600
2023-08-13,Guli Mata,Saad Lamjarred & Shreya Ghoshal & Rajat Nagpal,6,260K,https://tokchart.com/img/7244671307836934146/600
2023-08-13,ELA JA TA LOUCA SLOWED,johnmarkx_ Slowed,7,251K,https://tokchart.com/img/7191352487629097754/600
2023-08-13,Barbie Girl,Lady Aqua,8,249K,https://tokchart.com/img/6735291008394725377/600
2023-08-13,beauty and a beat now u guys can leave me alone,‚†Ä ‚†Ä,9,226K,https://tokchart.com/img/7251746016918440747/600
2023-08-13,Aesthetic,Tollan Kim,10,226K,https://tokchart.com/img/7072513628145977346/600
2023-08-20,Beat Automotivo Tan Tan Tan Viral,WZ Beat,1,504K,https://tokchart.com/img/7098939394085702406/600
2023-08-20,LALA,Myke Towers,2,474K,https://tokchart.com/img/7212832308926089218/600
2023-08-20,Cruel Summer,Taylor Swift,3,410K,https://tokchart.com/img/7211414788142794754/600
2023-08-20,Feather - Sped Up,Sabrina Carpenter,4,312K,https://tokchart.com/img/7214201432596695814/600
2023-08-20,Guli Mata,Saad Lamjarred & Shreya Ghoshal & Rajat Nagpal,5,265K,https://tokchart.com/img/7244671307836934146/600
2023-08-20,LOOK AT ME,sanika ‚Ä¢ skywvker,6,259K,https://tokchart.com/img/7239692435058723610/600
2023-08-20,MI EX TEN√çA RAZ√ìN,KAROL G,7,231K,https://tokchart.com/img/7265441733341054977/600
2023-08-20,price tag,speed sounds,8,212K,https://tokchart.com/img/7213027706387090181/600
2023-08-20,girls like me don't cry (sped up),thuy,9,202K,https://tokchart.com/img/7177031160675960834/600
2023-08-20,Touch My Body,Mariah Carey,10,201K,https://tokchart.com/img/6924869588391823362/600
2023-08-27,Ïò§Î¶¨ÏßÄÎÑê ÏÇ¨Ïö¥Îìú - xiao xiao üí¶,xiao xiao üí¶,1,668K,https://tokchart.com/img/7260476223049730818/600
2023-08-27,Cruel Summer,Taylor Swift,2,422K,https://tokchart.com/img/7211414788142794754/600
2023-08-27,LALA,Myke Towers,3,383K,https://tokchart.com/img/7212832308926089218/600
2023-08-27,Mu√±ekita,Kali Uchis & El Alfa & JT,4,324K,https://tokchart.com/img/7263601414194744069/600
2023-08-27,Paint The Town Red,Doja Cat,5,319K,https://tokchart.com/img/7263241548443568130/600
2023-08-27,original sound - mamavie2594,MAMUD,6,255K,https://tokchart.com/img/7213025211377027867/600
2023-08-27,Guli Mata,Saad Lamjarred & Shreya Ghoshal & Rajat Nagpal,7,234K,https://tokchart.com/img/7244671307836934146/600
2023-08-27,MI EX TEN√çA RAZ√ìN,KAROL G,8,217K,https://tokchart.com/img/7265441733341054977/600
2023-08-27,QLONA,KAROL G & Peso Pluma,9,216K,https://tokchart.com/img/7265441733341071361/600
2023-08-27,Automotivo Bibi Fogosa,Bibi Babydoll & DJ Brunin XM & KZA Produ√ß√µes,10,192K,https://tokchart.com/img/7247990581428734725/600
2023-09-03,Ïò§Î¶¨ÏßÄÎÑê ÏÇ¨Ïö¥Îìú - xiao xiao üí¶,xiao xiao üí¶,1,2M,https://tokchart.com/img/7260476223049730818/600
2023-09-03,original sound - itsvanburen,Van Buren,2,807K,https://tokchart.com/img/6912807447132441350/600
2023-09-03,Paint The Town Red,Doja Cat,3,381K,https://tokchart.com/img/7263241548443568130/600
2023-09-03,Mu√±ekita,Kali Uchis & El Alfa & JT,4,258K,https://tokchart.com/img/7263601414194744069/600
2023-09-03,LALA,Myke Towers,5,258K,https://tokchart.com/img/7212832308926089218/600
2023-09-03,Cruel Summer,Taylor Swift,6,255K,https://tokchart.com/img/7211414788142794754/600
2023-09-03,original sound - spotify_wxwx,—Ç–æ–ø –ø–µ—Å–Ω–∏ –∑–¥–µ—Å—åü§ôüèªüíå,7,212K,https://tokchart.com/img/7184312849219537669/600
2023-09-03,Aesthetic,Tollan Kim,8,206K,https://tokchart.com/img/7072513628145977346/600
2023-09-03,Summermode,Official Sound Studio,9,184K,https://tokchart.com/img/6715344086796077832/600
2023-09-03,original sound - mamavie2594,MAMUD,10,184K,https://tokchart.com/img/7213025211377027867/600
2023-09-10,Ïò§Î¶¨ÏßÄÎÑê ÏÇ¨Ïö¥Îìú - xiao xiao üí¶,xiao xiao üí¶,1,1M,https://tokchart.com/img/7260476223049730818/600
2023-09-10,Paint The Town Red,Doja Cat,2,365K,https://tokchart.com/img/7263241548443568130/600
2023-09-10,LALA,Myke Towers,3,234K,https://tokchart.com/img/7212832308926089218/600
2023-09-10,Aesthetic,Tollan Kim,4,215K,https://tokchart.com/img/7072513628145977346/600
2023-09-10,Sequ√™ncia da Dz7,TRASHXRL & Mc Menor Do Alvorada,5,187K,https://tokchart.com/img/7229724268010620930/600
2023-09-10,Beat Automotivo Tan Tan Tan Viral,WZ Beat,6,168K,https://tokchart.com/img/7098939394085702406/600
2023-09-10,original sound - mamavie2594,MAMUD,7,167K,https://tokchart.com/img/7213025211377027867/600
2023-09-10,Collide (sped up),Justine Skye,8,159K,https://tokchart.com/img/7178999968751945730/600
2023-09-10,original sound - spotify_wxwx,—Ç–æ–ø –ø–µ—Å–Ω–∏ –∑–¥–µ—Å—åü§ôüèªüíå,9,141K,https://tokchart.com/img/7184312849219537669/600
2023-09-10,Chill Vibes,Tollan Kim,10,124K,https://tokchart.com/img/7084465663108089857/600
2023-09-17,Ïò§Î¶¨ÏßÄÎÑê ÏÇ¨Ïö¥Îìú - xiao xiao üí¶,xiao xiao üí¶,1,835K,https://tokchart.com/img/7260476223049730818/600
2023-09-17,Sequ√™ncia da Dz7,TRASHXRL & Mc Menor Do Alvorada,2,386K,https://tokchart.com/img/7229724268010620930/600
2023-09-17,Paint The Town Red,Doja Cat,3,357K,https://tokchart.com/img/7263241548443568130/600
2023-09-17,Beat Automotivo Tan Tan Tan Viral,WZ Beat,4,323K,https://tokchart.com/img/7098939394085702406/600
2023-09-17,Aesthetic,Tollan Kim,5,307K,https://tokchart.com/img/7072513628145977346/600
2023-09-17,Por Mi Mexico¬†Remix (Lefty SM),Lefty SM & Santa Fe Klan,6,231K,https://tokchart.com/img/7262906391454271489/600
2023-09-17,original sound - mamavie2594,MAMUD,7,200K,https://tokchart.com/img/7213025211377027867/600
2023-09-17,Seg√∫n Qui√©n,Maluma & Carin Leon,8,199K,https://tokchart.com/img/7268477387069819654/600
2023-09-17,LALA,Myke Towers,9,176K,https://tokchart.com/img/7212832308926089218/600
2023-09-17,Chill Vibes,Tollan Kim,10,154K,https://tokchart.com/img/7084465663108089857/600
2023-09-24,Seg√∫n Qui√©n,Maluma & Carin Leon,1,440K,https://tokchart.com/img/7268477387069819654/600
2023-09-24,Ïò§Î¶¨ÏßÄÎÑê ÏÇ¨Ïö¥Îìú - xiao xiao üí¶,xiao xiao üí¶,2,422K,https://tokchart.com/img/7260476223049730818/600
2023-09-24,BRAZILIAN DAN√áA PHONK - Sped Up,6YNTHMANE & RXDXVIL,3,375K,https://tokchart.com/img/7242398454272690177/600
2023-09-24,Paint The Town Red,Doja Cat,4,339K,https://tokchart.com/img/7263241548443568130/600
2023-09-24,Pink Champagne x Spin Back x Jingle Bell,ARNEL REMIX,5,297K,https://tokchart.com/img/7274203157435140870/600
2023-09-24,Flores Amarillas,Floricienta,6,256K,https://tokchart.com/img/7114407887581022982/600
2023-09-24,Aesthetic,Tollan Kim,7,225K,https://tokchart.com/img/7072513628145977346/600
2023-09-24,Strangers,Kenya Grace,8,213K,https://tokchart.com/img/7255393083049790234/600
2023-09-24,Flores Amarillas,Floricienta,9,199K,https://tokchart.com/img/6917932195147549445/600
2023-09-24,Beat Automotivo Tan Tan Tan Viral,WZ Beat,10,182K,https://tokchart.com/img/7098939394085702406/600
2023-10-08,Si no Est√°s,i√±igo quintero,1,412K,https://tokchart.com/img/7212611027148654593/600
2023-10-08,My Love Mine All Mine,Mitski,2,362K,https://tokchart.com/img/7255011118329989121/600
2023-10-08,Seg√∫n Qui√©n,Maluma & Carin Leon,3,278K,https://tokchart.com/img/7268477387069819654/600
2023-10-08,Water by Tyla,Tyla,4,257K,https://tokchart.com/img/7251663226953468678/600
2023-10-08,greedy,Tate McRae,5,194K,https://tokchart.com/img/7263788553225358126/600
2023-10-08,Paint The Town Red,Doja Cat,6,187K,https://tokchart.com/img/7263241548443568130/600
2023-10-08,Lihim,Arthur Miguel,7,185K,https://tokchart.com/img/7259667722451240961/600
2023-10-08,3D (feat. Jack Harlow),Jung Kook & Jack Harlow,8,185K,https://tokchart.com/img/7283427877760190466/600
2023-10-08,Strangers,Kenya Grace,9,181K,https://tokchart.com/img/7255393083049790234/600
2023-10-08,original sound - drf411,DRF411,10,176K,https://tokchart.com/img/7270116699961199366/600
2023-10-15,original sound - drf411,DRF411,1,458K,https://tokchart.com/img/7270116699961199366/600
2023-10-15,Si no Est√°s,i√±igo quintero,2,284K,https://tokchart.com/img/7212611027148654593/600
2023-10-15,C·∫Øt ƒê√¥i N·ªói S·∫ßu,TƒÉng Duy T√¢n,3,274K,https://tokchart.com/img/7283368587856644097/600
2023-10-15,Lihim,Arthur Miguel,4,269K,https://tokchart.com/img/7259667722451240961/600
2023-10-15,My Love Mine All Mine,Mitski,5,234K,https://tokchart.com/img/7255011118329989121/600
2023-10-15,Beat Automotivo Tan Tan Tan Viral,WZ Beat,6,220K,https://tokchart.com/img/7098939394085702406/600
2023-10-15,Water by Tyla,Tyla,7,219K,https://tokchart.com/img/7251663226953468678/600
2023-10-15,Aesthetic,Tollan Kim,8,200K,https://tokchart.com/img/7072513628145977346/600
2023-10-15,greedy,Tate McRae,9,186K,https://tokchart.com/img/7263788553225358126/600
2023-10-15,Dramatic Military,Faid rafanda,10,154K,https://tokchart.com/img/7151638069517486081/600
2023-10-22,"Steal The Show - From ""Elemental""",Lauv,1,996K,https://tokchart.com/img/7239161893339400194/600
2023-10-22,original sound - drf411,DRF411,2,368K,https://tokchart.com/img/7270116699961199366/600
2023-10-22,Si no Est√°s,i√±igo quintero,3,310K,https://tokchart.com/img/7212611027148654593/600
2023-10-22,greedy,Tate McRae,4,275K,https://tokchart.com/img/7263788553225358126/600
2023-10-22,C·∫Øt ƒê√¥i N·ªói S·∫ßu,TƒÉng Duy T√¢n,5,265K,https://tokchart.com/img/7283368587856644097/600
2023-10-22,Lollipop,Darell,6,263K,https://tokchart.com/img/7283588810008742688/600
2023-10-22,My Love Mine All Mine,Mitski,7,246K,https://tokchart.com/img/7255011118329989121/600
2023-10-22,Con Silenciador (feat. Anuel AA),"El Alfa, Anuel AA",8,236K,https://tokchart.com/img/7182963273505999622/600
2023-10-22,Dramatic Military,Faid rafanda,9,236K,https://tokchart.com/img/7151638069517486081/600
2023-10-22,Dalie (feat. Baby S.O.N),Kamo Mphela & Tyler ICU & Khalil Harrison,10,223K,https://tokchart.com/img/7274942372717333253/600
2023-10-29,Con Silenciador (feat. Anuel AA),"El Alfa, Anuel AA",1,589K,https://tokchart.com/img/7182963273505999622/600
2023-10-29,Dalie (feat. Baby S.O.N),Kamo Mphela & Tyler ICU & Khalil Harrison,2,273K,https://tokchart.com/img/7274942372717333253/600
2023-10-29,C·∫Øt ƒê√¥i N·ªói S·∫ßu,TƒÉng Duy T√¢n,3,262K,https://tokchart.com/img/7283368587856644097/600
2023-10-29,Halloween „Éª cute horror song,PeriTune,4,260K,https://tokchart.com/img/6817180237894256641/600
2023-10-29,Si no Est√°s,i√±igo quintero,5,260K,https://tokchart.com/img/7212611027148654593/600
2023-10-29,Lollipop,Darell,6,247K,https://tokchart.com/img/7283588810008742688/600
2023-10-29,greedy,Tate McRae,7,236K,https://tokchart.com/img/7263788553225358126/600
2023-10-29,Mahiye Jinna Sohna Slowed + Reverb,Darshan Raval,8,225K,https://tokchart.com/img/7258302399172904962/600
2023-10-29,MONACO,Bad Bunny,9,225K,https://tokchart.com/img/7289130857087764481/600
2023-10-29,"Si No Est√°s ""Sped Up""",i√±igo quintero,10,222K,https://tokchart.com/img/7283193668568139777/600
2023-11-05,"This Wish - From ""Wish""",Ariana DeBose & Disney,1,771K,https://tokchart.com/img/7291051731201492994/600
2023-11-05,original sound - itsvanburen,Van Buren,2,544K,https://tokchart.com/img/6912807447132441350/600
2023-11-05,Halloween „Éª cute horror song,PeriTune,3,543K,https://tokchart.com/img/6817180237894256641/600
2023-11-05,MR. TAKE YA B*TCH (FEAT. CHRISEANROCK),Lil Mabu & CHRISEAN ROCK,4,458K,https://tokchart.com/img/7289982445214238721/600
2023-11-05,Con Silenciador (feat. Anuel AA),"El Alfa, Anuel AA",5,333K,https://tokchart.com/img/7182963273505999622/600
2023-11-05,‡∏ß‡∏≤‡∏™‡∏ô‡∏≤‡∏ú‡∏π‡πâ‡πÉ‡∏î,parkmalody,6,270K,https://tokchart.com/img/7286731325037479937/600
2023-11-05,Si no Est√°s,i√±igo quintero,7,241K,https://tokchart.com/img/7212611027148654593/600
2023-11-05,Lollipop,Darell,8,222K,https://tokchart.com/img/7283588810008742688/600
2023-11-05,"You're My Heart, You're My Soul (So80's Edit)",Modern Talking,9,216K,https://tokchart.com/img/104230409/600
2023-11-05,Dalie (feat. Baby S.O.N),Kamo Mphela & Tyler ICU & Khalil Harrison,10,216K,https://tokchart.com/img/7274942372717333253/600
2023-11-12,MR. TAKE YA B*TCH (FEAT. CHRISEANROCK),Lil Mabu & CHRISEAN ROCK,1,353K,https://tokchart.com/img/7289982445214238721/600
2023-11-12,Lollipop,Darell,2,303K,https://tokchart.com/img/7283588810008742688/600
2023-11-12,MONACO,Bad Bunny,3,243K,https://tokchart.com/img/7289130857087764481/600
2023-11-12,Si no Est√°s,i√±igo quintero,4,221K,https://tokchart.com/img/7212611027148654593/600
2023-11-12,‡∏ß‡∏≤‡∏™‡∏ô‡∏≤‡∏ú‡∏π‡πâ‡πÉ‡∏î,parkmalody,5,208K,https://tokchart.com/img/7286731325037479937/600
2023-11-12,Con Silenciador (feat. Anuel AA),"El Alfa, Anuel AA",6,207K,https://tokchart.com/img/7182963273505999622/600
2023-11-12,Beat Automotivo Tan Tan Tan Viral,WZ Beat,7,200K,https://tokchart.com/img/7098939394085702406/600
2023-11-12,All I Want For Christmas Is You,Mariah Carey,8,195K,https://tokchart.com/img/222454852260487168/600
2023-11-12,som original - pao_humiilde,pao humilde,9,191K,https://tokchart.com/img/7280289955997600518/600
2023-11-12,HARLEY QUINN,Fuerza Regida & Marshmello,10,183K,https://tokchart.com/img/7291010499545548801/600
2023-11-19,‡∏ß‡∏≤‡∏™‡∏ô‡∏≤‡∏ú‡∏π‡πâ‡πÉ‡∏î parkmalody,Parkmalody,1,606K,https://tokchart.com/img/7288287170103724805/600
2023-11-19,Sherine drake,Djamil,2,417K,https://tokchart.com/img/7254604384633457409/600
2023-11-19,som original - pao_humiilde,pao humilde,3,367K,https://tokchart.com/img/7280289955997600518/600
2023-11-19,Lollipop,Darell,4,291K,https://tokchart.com/img/7283588810008742688/600
2023-11-19,Rara Vez,Taiu & Milo j,5,279K,https://tokchart.com/img/7195340753084614657/600
2023-11-19,All I Want For Christmas Is You,Mariah Carey,6,252K,https://tokchart.com/img/222454852260487168/600
2023-11-19,MONACO,Bad Bunny,7,228K,https://tokchart.com/img/7289130857087764481/600
2023-11-19,Lovin On Me,Jack Harlow,8,217K,https://tokchart.com/img/7293284592491023135/600
2023-11-19,MR. TAKE YA B*TCH (FEAT. CHRISEANROCK),Lil Mabu & CHRISEAN ROCK,9,184K,https://tokchart.com/img/7289982445214238721/600
2023-11-19,original sound - ad8x7,"ÿßŸÑÿµŸéŸÖŸêÿ™""ìÅπ",10,168K,https://tokchart.com/img/7275501855210343170/600
2023-11-26,som original - pao_humiilde,pao humilde,1,606K,https://tokchart.com/img/7280289955997600518/600
2023-11-26,Lollipop,Darell,2,466K,https://tokchart.com/img/7283588810008742688/600
2023-11-26,All I Want For Christmas Is You,Mariah Carey,3,348K,https://tokchart.com/img/222454852260487168/600
2023-11-26,Sherine drake,Djamil,4,297K,https://tokchart.com/img/7254604384633457409/600
2023-11-26,Funny Laugh no no no,Sound Effect,5,219K,https://tokchart.com/img/6642168923733101314/600
2023-11-26,MONACO,Bad Bunny,6,202K,https://tokchart.com/img/7289130857087764481/600
2023-11-26,Beat Automotivo Tan Tan Tan Viral,WZ Beat,7,162K,https://tokchart.com/img/7098939394085702406/600
2023-11-26,Lovin On Me,Jack Harlow,8,158K,https://tokchart.com/img/7293284592491023135/600
2023-11-26,MR. TAKE YA B*TCH (FEAT. CHRISEANROCK),Lil Mabu & CHRISEAN ROCK,9,140K,https://tokchart.com/img/7289982445214238721/600
2023-11-26,ESTA VIDA ME ENCANTA x REMIX x LEA IN THE MIX,Lea in the mix,10,121K,https://tokchart.com/img/7172329553833036549/600
2023-12-03,Lollipop,Darell,1,677K,https://tokchart.com/img/7283588810008742688/600
2023-12-03,original sound - itsvanburen,Van Buren,2,617K,https://tokchart.com/img/6912807447132441350/600
2023-12-03,All I Want For Christmas Is You,Mariah Carey,3,574K,https://tokchart.com/img/222454852260487168/600
2023-12-03,som original - pao_humiilde,pao humilde,4,345K,https://tokchart.com/img/7280289955997600518/600
2023-12-03,Sherine drake,Djamil,5,253K,https://tokchart.com/img/7254604384633457409/600
2023-12-03,"‡∏Ç‡πâ‡∏≤‡∏°‡πÄ‡∏ß‡∏•‡∏≤ - Original Soundtrack From ""‡∏û‡∏£‡∏´‡∏°‡∏•‡∏¥‡∏Ç‡∏¥‡∏ï""",Violette Wautier,6,198K,https://tokchart.com/img/7289435302002329602/600
2023-12-03,Pink Champagne x Spin Back x Jingle Bell,ARNEL REMIX,7,178K,https://tokchart.com/img/7274203157435140870/600
2023-12-03,Lampu Merah,The Lantis,8,175K,https://tokchart.com/img/6923656176886351874/600
2023-12-03,Beat Automotivo Tan Tan Tan Viral,WZ Beat,9,173K,https://tokchart.com/img/7098939394085702406/600
2023-12-03,MONACO,Bad Bunny,10,170K,https://tokchart.com/img/7289130857087764481/600
2023-12-10,All I Want For Christmas Is You,Mariah Carey,1,570K,https://tokchart.com/img/222454852260487168/600
2023-12-10,Lollipop,Darell,2,550K,https://tokchart.com/img/7283588810008742688/600
2023-12-10,som original - pao_humiilde,pao humilde,3,413K,https://tokchart.com/img/7280289955997600518/600
2023-12-10,Surround Sound,JID,4,250K,https://tokchart.com/img/7050547465157642241/600
2023-12-10,Beat Automotivo Tan Tan Tan Viral,WZ Beat,5,175K,https://tokchart.com/img/7098939394085702406/600
2023-12-10,It's¬†The¬†Most¬†Wonderful¬†Time¬†Of¬†The¬†Year,Andy¬†Williams,6,151K,https://tokchart.com/img/6628433367954098945/600
2023-12-10,Rockin' Around The Christmas Tree,Brenda Lee,7,134K,https://tokchart.com/img/6814378834477975553/600
2023-12-10,Lovin On Me,Jack Harlow,8,129K,https://tokchart.com/img/7293284592491023135/600
2023-12-10,Sherine drake,Djamil,9,127K,https://tokchart.com/img/7254604384633457409/600
2023-12-10,Can't Help Falling in Love,Elvis Presley,10,120K,https://tokchart.com/img/6735961747531778049/600
2023-12-17,All I Want For Christmas Is You,Mariah Carey,1,388K,https://tokchart.com/img/222454852260487168/600
2023-12-17,Surround Sound,JID,2,349K,https://tokchart.com/img/7050547465157642241/600
2023-12-17,Sleigh Bells (PhatCap! Trap Remix),Ronettes,3,217K,https://tokchart.com/img/6497067587325659905/600
2023-12-17,Beat Automotivo Tan Tan Tan Viral,WZ Beat,4,214K,https://tokchart.com/img/7098939394085702406/600
2023-12-17,som original - pao_humiilde,pao humilde,5,206K,https://tokchart.com/img/7280289955997600518/600
2023-12-17,Lollipop,Darell,6,202K,https://tokchart.com/img/7283588810008742688/600
2023-12-17,Me Leva Pra Casa / Escrito Nas Estrelas / Saudade - Ao Vivo,Lauana Prado,7,190K,https://tokchart.com/img/7305204020641024773/600
2023-12-17,Bling Bling,Grupo Marca Registrada & Octavio Cuadras,8,157K,https://tokchart.com/img/7306975185679828993/600
2023-12-17,La Diabla,Xavi,9,148K,https://tokchart.com/img/7303693780766001154/600
2023-12-17,ANDO,Jere Klein & Gittobeatz,10,136K,https://tokchart.com/img/7276835541248280577/600
2023-12-24,All I Want For Christmas Is You,Mariah Carey,1,415K,https://tokchart.com/img/222454852260487168/600
2023-12-24,Beat Automotivo Tan Tan Tan Viral,WZ Beat,2,276K,https://tokchart.com/img/7098939394085702406/600
2023-12-24,Feliz Navidad,Jos√© Feliciano,3,230K,https://tokchart.com/img/6696825122533148674/600
2023-12-24,Surround Sound,JID,4,222K,https://tokchart.com/img/7050547465157642241/600
2023-12-24,Sleigh Bells (PhatCap! Trap Remix),Ronettes,5,194K,https://tokchart.com/img/6497067587325659905/600
2023-12-24,som original - pao_humiilde,pao humilde,6,193K,https://tokchart.com/img/7280289955997600518/600
2023-12-24,ANDO,Jere Klein & Gittobeatz,7,175K,https://tokchart.com/img/7276835541248280577/600
2023-12-24,La Diabla,Xavi,8,154K,https://tokchart.com/img/7303693780766001154/600
2023-12-24,I love you,Dadju & Tayc,9,138K,https://tokchart.com/img/7308772367328593921/600
2023-12-24,Chill Vibes,Tollan Kim,10,119K,https://tokchart.com/img/7084465663108089857/600
2024-01-07,original sound - minleemusic,minlee ÎØºÎ¶¨,1,361K,https://tokchart.com/img/7298695115101899522/600
2024-01-07,original sound - itsvanburen,Van Buren,2,345K,https://tokchart.com/img/6912807447132441350/600
2024-01-07,What a Year,Inner Circle,3,284K,https://tokchart.com/img/7309825455976122370/600
2024-01-07,I love you,Dadju & Tayc,4,249K,https://tokchart.com/img/7308772367328593921/600
2024-01-07,La Diabla,Xavi,5,214K,https://tokchart.com/img/7303693780766001154/600
2024-01-07,ANDO,Jere Klein & Gittobeatz,6,179K,https://tokchart.com/img/7276835541248280577/600
2024-01-07,Beat Automotivo Tan Tan Tan Viral,WZ Beat,7,164K,https://tokchart.com/img/7098939394085702406/600
2024-01-07,Chori Chori,Ali Zafar,8,151K,https://tokchart.com/img/7310098828862474241/600
2024-01-07,Miss Miss,Rob Deniel,9,149K,https://tokchart.com/img/7309367897039767553/600
2024-01-07,ESTA VIDA ME ENCANTA x REMIX x LEA IN THE MIX,Lea in the mix,10,143K,https://tokchart.com/img/7172329553833036549/600
2024-01-14,Chori Chori,Ali Zafar,1,288K,https://tokchart.com/img/7310098828862474241/600
2024-01-14,Luces Tenues,Anuel AA,2,282K,https://tokchart.com/img/7311812336808265729/600
2024-01-14,MONTAGEM - PR FUNK,S3BZS & MC GW & Mc Menor Do Alvorada,3,236K,https://tokchart.com/img/7228426976197003266/600
2024-01-14,La Diabla,Xavi,4,188K,https://tokchart.com/img/7303693780766001154/600
2024-01-14,I love you,Dadju & Tayc,5,187K,https://tokchart.com/img/7308772367328593921/600
2024-01-14,Ya No Tengo Tu Love,Sie7e,6,173K,https://tokchart.com/img/7304056399456421890/600
2024-01-14,ESTA VIDA ME ENCANTA x REMIX x LEA IN THE MIX,Lea in the mix,7,156K,https://tokchart.com/img/7172329553833036549/600
2024-01-14,Surround Sound,JID,8,120K,https://tokchart.com/img/7050547465157642241/600
2024-01-14,Aesthetic,Tollan Kim,9,117K,https://tokchart.com/img/7072513628145977346/600
2024-01-14,Miss Miss,Rob Deniel,10,115K,https://tokchart.com/img/7309367897039767553/600
2024-01-21,Ya No Tengo Tu Love,Sie7e,1,669K,https://tokchart.com/img/7304056399456421890/600
2024-01-21,Chori Chori,Ali Zafar,2,328K,https://tokchart.com/img/7310098828862474241/600
2024-01-21,MONTAGEM - PR FUNK,S3BZS & MC GW & Mc Menor Do Alvorada,3,205K,https://tokchart.com/img/7228426976197003266/600
2024-01-21,La Diabla,Xavi,4,204K,https://tokchart.com/img/7303693780766001154/600
2024-01-21,Surround Sound,JID,5,199K,https://tokchart.com/img/7050547465157642241/600
2024-01-21,Never Lose Me,Flo Milli,6,187K,https://tokchart.com/img/7306623023414495234/600
2024-01-21,I love you,Dadju & Tayc,7,178K,https://tokchart.com/img/7308772367328593921/600
2024-01-21,Luces Tenues,Anuel AA,8,170K,https://tokchart.com/img/7311812336808265729/600
2024-01-21,ESTA VIDA ME ENCANTA x REMIX x LEA IN THE MIX,Lea in the mix,9,164K,https://tokchart.com/img/7172329553833036549/600
2024-01-21,Slipping Through My Fingers,Declan McKenna,10,159K,https://tokchart.com/img/7309169408407799810/600
2024-01-28,Ya No Tengo Tu Love,Sie7e,1,265K,https://tokchart.com/img/7304056399456421890/600
2024-01-28,Ntlo Ea Swa,Master KG,2,232K,https://tokchart.com/img/7003002168345102338/600
2024-01-28,Chori Chori,Ali Zafar,3,228K,https://tokchart.com/img/7310098828862474241/600
2024-01-28,MONTAGEM - PR FUNK,S3BZS & MC GW & Mc Menor Do Alvorada,4,223K,https://tokchart.com/img/7228426976197003266/600
2024-01-28,La Diabla,Xavi,5,199K,https://tokchart.com/img/7303693780766001154/600
2024-01-28,ESTA VIDA ME ENCANTA x REMIX x LEA IN THE MIX,Lea in the mix,6,167K,https://tokchart.com/img/7172329553833036549/600
2024-01-28,Never Lose Me,Flo Milli,7,160K,https://tokchart.com/img/7306623023414495234/600
2024-01-28,I love you,Dadju & Tayc,8,134K,https://tokchart.com/img/7308772367328593921/600
2024-01-28,Miss Miss,Rob Deniel,9,123K,https://tokchart.com/img/7309367897039767553/600
2024-01-28,Aesthetic,Tollan Kim,10,120K,https://tokchart.com/img/7072513628145977346/600
2024-02-04,Chori Chori,Ali Zafar,1,333K,https://tokchart.com/img/7310098828862474241/600
2024-02-04,ESTA VIDA ME ENCANTA x REMIX x LEA IN THE MIX,Lea in the mix,2,254K,https://tokchart.com/img/7172329553833036549/600
2024-02-04,MONTAGEM - PR FUNK,S3BZS & MC GW & Mc Menor Do Alvorada,3,240K,https://tokchart.com/img/7228426976197003266/600
2024-02-04,Love You So,The King Khan & BBQ Show,4,223K,https://tokchart.com/img/6728562975734515713/600
2024-02-04,Coup du marteau,Tam Sir,5,210K,https://tokchart.com/img/7310379089155115009/600
2024-02-04,Alucin,Eugenio Esquivel & Grupo Marca Registrada & Sebastian Esquivel,6,203K,https://tokchart.com/img/7301878875527596034/600
2024-02-04,Never Lose Me,Flo Milli,7,162K,https://tokchart.com/img/7306623023414495234/600
2024-02-04,original sound - daddysauce16,Skusta Clee,8,142K,https://tokchart.com/img/7313583767044508422/600
2024-02-04,Aesthetic,Tollan Kim,9,117K,https://tokchart.com/img/7072513628145977346/600
2024-02-04,I love you,Dadju & Tayc,10,116K,https://tokchart.com/img/7308772367328593921/600
2024-02-11,Lil Boo Thang,Paul Russell,1,277K,https://tokchart.com/img/7268544136268679170/600
2024-02-11,ESTA VIDA ME ENCANTA x REMIX x LEA IN THE MIX,Lea in the mix,2,263K,https://tokchart.com/img/7172329553833036549/600
2024-02-11,Chori Chori,Ali Zafar,3,241K,https://tokchart.com/img/7310098828862474241/600
2024-02-11,MONTAGEM - PR FUNK,S3BZS & MC GW & Mc Menor Do Alvorada,4,238K,https://tokchart.com/img/7228426976197003266/600
2024-02-11,Buscando Money,TWENTY SIX & Tayson Kryss,5,223K,https://tokchart.com/img/7250452105219491842/600
2024-02-11,Coup du marteau,Tam Sir,6,183K,https://tokchart.com/img/7310379089155115009/600
2024-02-11,original sound - daddysauce16,Skusta Clee,7,157K,https://tokchart.com/img/7313583767044508422/600
2024-02-11,Beautiful Things,Benson Boone,8,144K,https://tokchart.com/img/7308548149097450283/600
2024-02-11,I love you,Dadju & Tayc,9,131K,https://tokchart.com/img/7308772367328593921/600
2024-02-11,Never Lose Me,Flo Milli,10,130K,https://tokchart.com/img/7306623023414495234/600
2024-02-18,original sound - username.hulio,hulio,1,631K,https://tokchart.com/img/7332316910419577606/600
2024-02-18,Buscando Money,TWENTY SIX & Tayson Kryss,2,302K,https://tokchart.com/img/7250452105219491842/600
2024-02-18,Dance You Outta My Head,Cat Janice,3,295K,https://tokchart.com/img/7320403755933124609/600
2024-02-18,Lil Boo Thang,Paul Russell,4,269K,https://tokchart.com/img/7268544136268679170/600
2024-02-18,Coup du marteau,Tam Sir,5,231K,https://tokchart.com/img/7310379089155115009/600
2024-02-18,ESTA VIDA ME ENCANTA x REMIX x LEA IN THE MIX,Lea in the mix,6,228K,https://tokchart.com/img/7172329553833036549/600
2024-02-18,Chori Chori,Ali Zafar,7,227K,https://tokchart.com/img/7310098828862474241/600
2024-02-18,DJ SAH - Tiktok,Sarah Suhairi,8,211K,https://tokchart.com/img/7329462516411877377/600
2024-02-18,I love you,Dadju & Tayc,9,142K,https://tokchart.com/img/7308772367328593921/600
2024-02-18,MONTAGEM - PR FUNK,S3BZS & MC GW & Mc Menor Do Alvorada,10,124K,https://tokchart.com/img/7228426976197003266/600
2024-02-25,original sound - username.hulio,hulio,1,710K,https://tokchart.com/img/7332316910419577606/600
2024-02-25,DJ SAH - Tiktok,Sarah Suhairi,2,693K,https://tokchart.com/img/7329462516411877377/600
2024-02-25,Dance You Outta My Head,Cat Janice,3,373K,https://tokchart.com/img/7320403755933124609/600
2024-02-25,midnight city x many,guymusic,4,300K,https://tokchart.com/img/7243198696753875713/600
2024-02-25,Buscando Money,TWENTY SIX & Tayson Kryss,5,240K,https://tokchart.com/img/7250452105219491842/600
2024-02-25,ESTA VIDA ME ENCANTA x REMIX x LEA IN THE MIX,Lea in the mix,6,223K,https://tokchart.com/img/7172329553833036549/600
2024-02-25,Lil Boo Thang,Paul Russell,7,187K,https://tokchart.com/img/7268544136268679170/600
2024-02-25,TEXAS HOLD 'EM,Beyonc√©,8,168K,https://tokchart.com/img/7334542274145454891/600
2024-02-25,The Sound of Silence (CYRIL Remix),Disturbed,9,158K,https://tokchart.com/img/7330849122909833218/600
2024-02-25,Coup du marteau,Tam Sir,10,122K,https://tokchart.com/img/7310379089155115009/600
2024-03-03,DJ SAH - Tiktok,Sarah Suhairi,1,660K,https://tokchart.com/img/7329462516411877377/600
2024-03-03,original sound - username.hulio,hulio,2,496K,https://tokchart.com/img/7332316910419577606/600
2024-03-03,Dance You Outta My Head,Cat Janice,3,280K,https://tokchart.com/img/7320403755933124609/600
2024-03-03,ESTA VIDA ME ENCANTA x REMIX x LEA IN THE MIX,Lea in the mix,4,260K,https://tokchart.com/img/7172329553833036549/600
2024-03-03,Beautiful Things,Benson Boone,5,229K,https://tokchart.com/img/7308548149097450283/600
2024-03-03,The Sound of Silence (CYRIL Remix),Disturbed,6,206K,https://tokchart.com/img/7330849122909833218/600
2024-03-03,Lil Boo Thang,Paul Russell,7,129K,https://tokchart.com/img/7268544136268679170/600
2024-03-03,Funny,Gold-Tiger,8,128K,https://tokchart.com/img/6927016038370428930/600
2024-03-03,I love you,Dadju & Tayc,9,127K,https://tokchart.com/img/7308772367328593921/600
2024-03-03,Praise Jah In The Moonlight,YG Marley,10,110K,https://tokchart.com/img/7317586376367065090/600
2024-03-10,DJ SAH - Tiktok,Sarah Suhairi,1,213K,https://tokchart.com/img/7329462516411877377/600
2024-03-10,original sound - username.hulio,hulio,2,116K,https://tokchart.com/img/7332316910419577606/600
2024-03-10,ESTA VIDA ME ENCANTA x REMIX x LEA IN THE MIX,Lea in the mix,3,112K,https://tokchart.com/img/7172329553833036549/600
2024-03-10,Dance You Outta My Head,Cat Janice,4,102K,https://tokchart.com/img/7320403755933124609/600
2024-03-10,Funny,Gold-Tiger,5,88K,https://tokchart.com/img/6927016038370428930/600
2024-03-10,Tshwala Bami Yuppe X TitoM X S.N.E,Yuppe,6,81K,https://tokchart.com/img/7325020516120529670/600
2024-03-10,Cute,Aurel Surya Lie,7,63K,https://tokchart.com/img/7136445672676411393/600
2024-03-10,Beautiful Things,Benson Boone,8,56K,https://tokchart.com/img/7308548149097450283/600
2024-03-10,GATA ONLY,FloyyMenor,9,52K,https://tokchart.com/img/7328723326167369729/600
2024-03-10,Oke Gas 2,Richard Jersey,10,51K,https://tokchart.com/img/7324223392776243974/600
